department,period,avg_performance_score,avg_efficiency,avg_productivity,turnover_rate,training_completion_rate,project_success_rate,avg_satisfaction_score
Sales,2023-Q4,79.9,0.8,0.77,0.06,0.98,0.85,4.95
IT,2023-Q4,82.53,0.76,0.98,0.1,0.92,0.83,4.63
Marketing,2023-Q4,81.02,0.94,0.87,0.03,1.0,0.95,3.74
Sales,2023-Q4,77.19,0.79,0.86,0.09,0.86,0.91,4.01
IT,2023-Q4,84.8,0.97,0.99,0.05,0.85,0.84,3.74
Marketing,2023-Q4,82.57,0.91,1.0,0.06,0.91,0.86,4.65
Sales,2023-Q4,88.9,0.81,0.91,0.02,0.94,0.99,3.59
IT,2023-Q4,91.35,0.79,0.78,0.06,0.94,0.97,4.76
Marketing,2023-Q4,85.88,0.91,0.88,0.07,0.92,0.98,4.91
Sales,2023-Q4,75.64,0.98,0.88,0.1,0.87,0.89,4.51
IT,2023-Q4,87.38,0.93,0.88,0.1,0.88,0.92,3.82
Marketing,2023-Q4,76.11,0.84,0.89,0.1,0.98,0.88,4.04
Sales,2023-Q4,87.33,0.9,0.75,0.04,0.98,0.82,4.22
IT,2023-Q4,88.7,0.83,0.93,0.1,0.95,0.88,4.41
Marketing,2023-Q4,78.96,1.0,0.93,0.05,0.95,0.92,4.5
Sales,2023-Q4,91.39,0.94,0.78,0.09,0.94,0.86,4.33
IT,2023-Q4,93.22,0.9,0.89,0.03,0.88,0.97,4.03
Marketing,2023-Q4,91.26,0.86,0.89,0.06,0.91,0.83,4.84
Sales,2023-Q4,81.1,0.9,0.92,0.1,0.95,0.87,3.62
IT,2023-Q4,86.73,0.84,0.77,0.1,0.93,0.82,4.2
Marketing,2023-Q4,93.3,0.76,0.91,0.07,0.85,0.88,4.66
Sales,2023-Q4,81.41,0.85,0.82,0.08,0.99,0.81,3.59
IT,2023-Q4,91.4,0.98,0.88,0.03,0.98,0.85,4.56
Marketing,2023-Q4,75.19,0.91,0.94,0.07,0.89,0.88,4.73
Sales,2023-Q4,75.07,0.77,0.93,0.07,0.94,0.9,4.49
IT,2023-Q4,90.19,0.97,0.78,0.02,0.99,0.91,3.52
Marketing,2023-Q4,90.23,0.82,0.9,0.02,0.86,0.85,3.77
Sales,2023-Q4,90.78,0.81,0.99,0.02,0.93,0.9,4.01
IT,2023-Q4,93.6,0.82,0.79,0.08,0.92,0.9,3.85
Marketing,2023-Q4,77.36,0.89,0.96,0.02,0.91,0.86,4.94
Sales,2023-Q4,79.64,0.89,0.93,0.05,0.98,0.97,4.48
IT,2023-Q4,93.07,0.87,0.94,0.04,0.91,0.91,3.95
Marketing,2023-Q4,78.54,0.93,0.82,0.06,0.86,0.87,4.89
Sales,2023-Q4,88.64,0.83,0.82,0.07,0.86,0.99,4.61
IT,2023-Q4,85.61,0.95,0.98,0.07,0.86,0.97,3.93
Marketing,2023-Q4,76.66,0.79,0.84,0.06,0.91,1.0,4.07
Sales,2023-Q4,80.71,0.95,0.77,0.05,0.96,0.94,3.8
IT,2023-Q4,85.41,0.92,0.9,0.05,0.88,0.88,4.96
Marketing,2023-Q4,92.05,0.92,0.78,0.09,0.95,0.86,4.28
Sales,2023-Q4,89.15,0.87,0.95,0.04,0.95,0.93,4.84
IT,2023-Q4,87.44,0.92,0.91,0.03,0.89,1.0,4.02
Marketing,2023-Q4,84.92,0.77,0.97,0.08,0.94,0.93,4.79
Sales,2023-Q4,80.97,0.96,0.95,0.04,0.95,0.98,3.58
IT,2023-Q4,77.38,0.76,0.78,0.09,0.92,0.87,4.97
Marketing,2023-Q4,83.18,0.79,0.85,0.04,0.9,0.88,4.87
Sales,2023-Q4,75.57,0.89,0.94,0.07,0.94,0.98,4.04
IT,2023-Q4,79.22,0.93,0.85,0.01,1.0,0.95,4.66
Marketing,2023-Q4,83.65,0.77,0.99,0.04,0.91,1.0,4.63
Sales,2023-Q4,83.37,0.98,0.93,0.04,0.91,0.95,4.85
IT,2023-Q4,75.89,0.99,0.75,0.08,0.92,0.89,3.96
Marketing,2023-Q4,86.78,0.9,0.97,0.1,0.86,0.91,4.2
Sales,2023-Q4,85.99,0.87,0.78,0.05,0.93,0.98,4.8
IT,2023-Q4,76.56,0.94,0.79,0.08,0.9,0.91,4.67
Marketing,2023-Q4,93.86,0.83,0.93,0.07,0.87,0.85,4.09
Sales,2023-Q4,76.99,0.87,0.97,0.1,0.92,0.89,4.77
IT,2023-Q4,92.1,0.98,0.88,0.08,0.85,0.9,3.57
Marketing,2023-Q4,75.01,0.99,0.82,0.02,0.91,0.82,4.67
Sales,2023-Q4,92.65,0.98,0.84,0.07,0.87,0.95,3.81
IT,2023-Q4,75.39,0.82,0.84,0.06,0.85,0.82,3.93
Marketing,2023-Q4,90.16,0.81,0.83,0.01,0.97,0.88,4.24
Sales,2023-Q4,82.23,0.82,0.81,0.03,0.99,0.96,4.17
IT,2023-Q4,89.76,0.86,0.9,0.09,0.88,0.89,4.28
Marketing,2023-Q4,83.03,0.83,0.98,0.09,0.93,0.97,4.32
Sales,2023-Q4,76.42,0.84,0.83,0.08,0.89,0.87,4.0
IT,2023-Q4,90.35,0.91,0.8,0.1,0.92,0.99,3.76
Marketing,2023-Q4,76.43,0.94,0.96,0.08,0.92,0.84,4.65
Sales,2023-Q4,93.44,0.93,0.94,0.01,0.89,0.81,4.1
IT,2023-Q4,76.02,0.95,0.98,0.04,0.96,0.97,4.26
Marketing,2023-Q4,84.59,0.76,0.79,0.01,0.87,0.95,4.47
Sales,2023-Q4,89.46,0.76,0.79,0.02,0.86,0.85,4.86
IT,2023-Q4,82.86,0.95,0.89,0.03,0.97,1.0,4.56
Marketing,2023-Q4,79.34,0.88,0.9,0.06,0.95,0.9,3.57
Sales,2023-Q4,90.18,0.89,0.87,0.09,0.92,0.99,4.76
IT,2023-Q4,90.69,0.76,0.9,0.09,0.92,0.9,4.98
Marketing,2023-Q4,93.45,0.81,0.8,0.07,0.92,0.89,4.21
Sales,2023-Q4,82.52,0.91,0.87,0.09,0.92,0.89,4.95
IT,2023-Q4,85.13,0.96,0.91,0.06,0.91,0.87,4.32
Marketing,2023-Q4,82.26,0.98,0.86,0.09,0.92,0.91,4.19
Sales,2023-Q4,80.14,0.88,0.92,0.05,0.93,0.89,4.0
IT,2023-Q4,90.02,0.89,0.86,0.03,0.95,0.81,4.49
Marketing,2023-Q4,81.79,0.96,0.83,0.09,0.96,0.85,3.84
Sales,2023-Q4,83.56,0.88,0.83,0.04,0.91,0.84,3.66
IT,2023-Q4,83.07,0.88,0.85,0.06,0.91,0.97,3.54
Marketing,2023-Q4,89.25,0.98,0.76,0.04,0.91,0.92,3.94
Sales,2023-Q4,93.36,0.95,0.92,0.07,0.93,0.95,4.09
IT,2023-Q4,88.34,0.98,0.96,0.1,0.92,0.99,4.33
Marketing,2023-Q4,84.43,0.8,0.84,0.01,0.98,0.93,3.94
Sales,2023-Q4,90.58,0.88,0.76,0.09,0.95,1.0,4.98
IT,2023-Q4,87.82,0.96,1.0,0.01,0.98,0.86,3.94
Marketing,2023-Q4,76.21,0.78,0.82,0.04,0.96,0.84,4.16
Sales,2023-Q4,76.91,0.95,0.78,0.03,1.0,0.88,3.65
IT,2023-Q4,75.76,0.8,0.84,0.08,0.95,0.89,3.89
Marketing,2023-Q4,84.14,0.95,0.93,0.01,0.99,0.98,3.57
Sales,2023-Q4,91.52,0.9,0.82,0.06,0.87,0.91,4.34
IT,2023-Q4,81.26,0.8,0.89,0.04,0.86,0.86,4.63
Marketing,2023-Q4,82.68,0.87,0.85,0.02,0.94,0.95,3.79
Sales,2023-Q4,93.19,0.92,0.78,0.08,1.0,0.9,4.05
IT,2023-Q4,91.74,0.91,0.83,0.03,0.91,0.83,3.52
Marketing,2023-Q4,88.3,0.86,0.93,0.03,0.88,0.92,4.76
Sales,2023-Q4,80.34,0.97,0.9,0.03,0.93,0.98,4.67
IT,2023-Q4,77.34,0.88,0.78,0.06,0.95,0.97,3.59
Marketing,2023-Q4,75.32,0.88,0.79,0.07,0.9,0.92,4.05
Sales,2023-Q4,77.14,0.77,0.91,0.01,0.96,0.88,4.93
IT,2023-Q4,80.85,0.98,0.95,0.03,1.0,0.82,4.09
Marketing,2023-Q4,86.04,0.79,0.84,0.05,0.98,0.89,4.29
Sales,2023-Q4,76.28,0.88,0.9,0.04,0.89,0.95,4.03
IT,2023-Q4,77.72,0.95,0.79,0.09,0.9,0.87,4.39
Marketing,2023-Q4,78.62,0.8,0.83,0.08,0.91,0.85,4.97
Sales,2023-Q4,87.64,0.88,0.76,0.07,0.91,0.99,5.0
IT,2023-Q4,87.32,0.81,0.94,0.04,0.87,0.96,4.66
Marketing,2023-Q4,86.02,0.94,0.85,0.07,0.96,0.93,4.11
Sales,2023-Q4,80.01,0.89,0.95,0.09,0.9,0.83,4.24
IT,2023-Q4,82.42,0.96,0.93,0.06,0.98,0.83,4.04
Marketing,2023-Q4,76.93,0.97,0.96,0.08,0.99,0.82,4.98
Sales,2023-Q4,79.53,0.91,0.82,0.08,0.85,0.92,4.56
IT,2023-Q4,92.95,0.93,0.8,0.06,1.0,0.82,4.17
Marketing,2023-Q4,94.59,0.89,0.99,0.04,0.96,0.97,3.52
Sales,2023-Q4,87.95,0.85,0.93,0.08,0.93,1.0,4.28
IT,2023-Q4,93.34,0.91,0.96,0.03,0.91,0.87,4.98
Marketing,2023-Q4,87.85,0.98,0.75,0.08,0.93,0.89,4.28
Sales,2023-Q4,75.66,0.85,0.84,0.08,0.9,0.94,3.77
IT,2023-Q4,94.94,0.83,0.94,0.08,0.94,0.99,3.53
Marketing,2023-Q4,76.98,0.85,0.77,0.05,0.86,0.98,4.03
Sales,2023-Q4,88.65,0.86,0.89,0.03,0.94,0.81,4.88
IT,2023-Q4,80.06,0.77,0.86,0.02,0.89,0.83,4.99
Marketing,2023-Q4,82.84,0.87,0.75,0.08,0.85,0.95,4.92
Sales,2023-Q4,87.92,0.87,0.81,0.09,0.93,0.94,4.59
IT,2023-Q4,83.73,0.9,0.82,0.07,0.94,0.83,4.34
Marketing,2023-Q4,80.01,0.84,0.78,0.02,0.91,0.9,4.39
Sales,2023-Q4,81.69,0.9,0.91,0.09,0.86,0.96,4.31
IT,2023-Q4,81.83,0.97,0.81,0.1,0.98,0.84,4.56
Marketing,2023-Q4,94.19,0.99,0.82,0.05,0.94,0.97,4.13
Sales,2023-Q4,90.97,0.9,0.97,0.06,0.87,0.81,4.5
IT,2023-Q4,84.17,0.76,0.87,0.08,0.93,0.96,3.68
Marketing,2023-Q4,79.0,0.99,0.85,0.08,0.92,0.92,3.9
Sales,2023-Q4,91.22,0.93,0.93,0.1,0.86,0.86,4.75
IT,2023-Q4,78.14,0.83,0.98,0.02,0.94,0.94,4.86
Marketing,2023-Q4,79.21,0.79,0.76,0.06,0.97,0.96,4.31
Sales,2023-Q4,82.32,0.79,0.86,0.07,0.96,0.99,3.55
IT,2023-Q4,92.61,0.79,0.9,0.09,0.88,0.87,4.89
Marketing,2023-Q4,77.64,0.76,0.83,0.09,0.98,0.94,4.55
Sales,2023-Q4,77.44,0.98,0.94,0.1,0.9,0.92,4.12
IT,2023-Q4,84.88,0.89,0.99,0.06,0.99,0.91,4.4
Marketing,2023-Q4,80.53,0.92,0.99,0.08,0.86,0.98,4.14
Sales,2023-Q4,86.37,0.96,0.82,0.05,0.92,0.8,4.2
IT,2023-Q4,84.03,0.95,0.81,0.05,0.94,0.86,4.83
Marketing,2023-Q4,83.7,0.97,0.99,0.03,0.89,0.91,3.74
Sales,2023-Q4,77.24,0.99,0.86,0.08,0.97,0.84,3.66
IT,2023-Q4,77.82,0.86,0.8,0.1,0.94,0.98,3.5
Marketing,2023-Q4,91.42,0.99,0.93,0.03,0.85,0.93,3.97
Sales,2023-Q4,92.72,0.93,0.82,0.02,0.94,0.9,3.72
IT,2023-Q4,79.69,0.77,0.82,0.08,0.92,0.96,3.83
Marketing,2023-Q4,77.27,0.92,0.97,0.07,0.88,0.89,3.52
Sales,2023-Q4,76.07,0.92,0.79,0.1,1.0,0.91,3.84
IT,2023-Q4,87.17,0.98,0.77,0.03,0.98,0.8,4.0
Marketing,2023-Q4,89.31,0.84,0.82,0.02,0.89,0.87,3.55
Sales,2023-Q4,82.46,0.9,0.9,0.05,0.93,0.83,4.41
IT,2023-Q4,88.59,0.75,0.78,0.02,0.9,0.94,4.35
Marketing,2023-Q4,89.26,0.83,0.87,0.03,0.97,0.9,3.65
Sales,2023-Q4,93.71,0.77,0.91,0.02,0.99,0.86,4.39
IT,2023-Q4,76.3,0.88,0.96,0.03,0.9,0.89,5.0
Marketing,2023-Q4,78.85,0.95,0.81,0.02,0.97,0.84,4.92
Sales,2023-Q4,76.37,0.8,0.95,0.1,0.92,0.99,3.5
IT,2023-Q4,92.36,0.88,0.81,0.04,0.91,0.81,4.69
Marketing,2023-Q4,90.85,0.8,0.92,0.05,0.99,0.97,4.03
Sales,2023-Q4,86.49,0.78,0.86,0.09,0.93,0.9,3.6
IT,2023-Q4,76.67,0.88,0.78,0.07,0.92,0.92,3.94
Marketing,2023-Q4,80.47,0.77,0.93,0.07,0.95,0.86,3.98
Sales,2023-Q4,80.95,0.9,0.8,0.07,0.89,0.99,4.28
IT,2023-Q4,86.21,0.76,0.79,0.08,0.9,0.86,4.49
Marketing,2023-Q4,80.16,0.78,0.84,0.09,0.99,0.92,4.62
Sales,2023-Q4,76.46,0.89,0.91,0.07,0.95,1.0,3.87
IT,2023-Q4,89.62,0.9,0.81,0.09,0.97,0.98,3.98
Marketing,2023-Q4,80.98,0.76,0.8,0.06,0.89,0.91,3.96
Sales,2023-Q4,84.05,0.89,0.75,0.03,0.93,1.0,4.04
IT,2023-Q4,77.55,0.96,0.87,0.09,1.0,0.94,5.0
Marketing,2023-Q4,91.05,0.93,0.86,0.06,0.9,0.84,4.67
Sales,2023-Q4,86.31,0.78,0.81,0.09,0.87,0.88,4.96
IT,2023-Q4,93.03,0.9,0.76,0.01,0.93,0.87,4.54
Marketing,2023-Q4,84.91,0.92,0.86,0.05,0.91,0.87,4.11
Sales,2023-Q4,93.83,0.76,0.95,0.1,0.87,0.95,4.08
IT,2023-Q4,92.84,0.96,0.93,0.03,0.98,0.92,4.23
Marketing,2023-Q4,86.53,0.98,0.97,0.09,1.0,0.81,4.13
Sales,2023-Q4,93.68,0.96,0.75,0.1,0.94,0.98,4.74
IT,2023-Q4,81.46,0.96,0.99,0.09,0.97,0.86,4.2
Marketing,2023-Q4,82.31,0.94,0.84,0.06,0.98,1.0,3.94
Sales,2023-Q4,75.91,0.91,1.0,0.07,0.96,0.99,4.66
IT,2023-Q4,86.78,0.92,0.81,0.09,0.86,0.99,4.78
Marketing,2023-Q4,89.44,0.95,0.87,0.08,0.87,0.96,4.13
Sales,2023-Q4,90.47,0.92,0.84,0.07,0.86,0.84,4.5
IT,2023-Q4,78.0,0.83,0.84,0.1,0.85,0.91,3.59
Marketing,2023-Q4,83.88,0.84,0.96,0.07,0.9,0.84,4.29
Sales,2023-Q4,78.54,0.97,0.94,0.1,0.91,0.85,3.57
IT,2023-Q4,88.24,0.75,1.0,0.02,0.89,0.92,3.54
Marketing,2023-Q4,78.16,0.92,0.9,0.02,0.86,0.81,4.42
Sales,2023-Q4,93.08,0.99,0.87,0.05,0.93,0.99,3.96
IT,2023-Q4,79.61,0.93,0.77,0.04,0.89,0.98,4.61
Marketing,2023-Q4,80.83,1.0,1.0,0.08,0.97,0.88,4.84
Sales,2023-Q4,92.02,0.92,0.89,0.02,0.85,0.9,3.71
IT,2023-Q4,84.17,0.76,0.93,0.1,0.98,0.89,4.59
Marketing,2023-Q4,75.48,0.96,0.85,0.04,0.99,0.98,4.27
Sales,2023-Q4,84.89,0.82,0.89,0.05,0.96,0.94,3.67
IT,2023-Q4,76.69,0.86,0.99,0.03,0.96,0.86,4.48
Marketing,2023-Q4,94.71,0.83,0.79,0.06,0.99,0.89,4.41
Sales,2023-Q4,86.76,0.82,0.82,0.02,0.88,0.89,4.27
IT,2023-Q4,80.13,0.86,0.79,0.02,1.0,0.99,4.89
Marketing,2023-Q4,86.27,0.84,0.95,0.08,0.97,0.84,4.28
Sales,2023-Q4,76.54,0.91,0.77,0.03,0.96,0.82,4.99
IT,2023-Q4,91.0,0.95,0.77,0.03,0.9,0.98,4.26
Marketing,2023-Q4,93.51,0.82,0.82,0.08,0.93,0.98,3.67
Sales,2023-Q4,92.49,0.8,0.88,0.02,0.95,0.97,4.21
IT,2023-Q4,81.84,0.92,0.85,0.05,0.94,0.9,3.77
Marketing,2023-Q4,81.52,0.92,0.76,0.01,0.96,0.93,4.4
Sales,2023-Q4,75.7,0.98,0.99,0.04,0.86,0.91,4.54
IT,2023-Q4,88.03,0.75,0.99,0.07,0.9,0.81,4.2
Marketing,2023-Q4,85.7,0.96,0.82,0.02,0.92,0.92,3.65
Sales,2023-Q4,84.19,0.88,0.93,0.09,0.89,0.8,4.2
IT,2023-Q4,93.15,0.91,0.89,0.09,0.88,0.86,3.62
Marketing,2023-Q4,78.36,0.77,0.81,0.02,0.87,0.99,4.52
Sales,2023-Q4,75.19,0.86,0.82,0.1,0.9,0.86,4.69
IT,2023-Q4,76.47,0.81,0.87,0.04,0.92,0.99,4.94
Marketing,2023-Q4,79.47,0.81,0.85,0.02,0.86,0.85,3.72
Sales,2023-Q4,75.67,0.88,0.82,0.01,0.99,0.86,4.3
IT,2023-Q4,85.06,0.95,0.95,0.05,0.96,0.93,4.35
Marketing,2023-Q4,81.28,0.94,0.87,0.07,0.96,0.95,4.88
Sales,2023-Q4,78.61,0.9,0.91,0.04,0.88,0.9,4.44
IT,2023-Q4,90.0,0.88,0.8,0.09,0.94,0.98,3.72
Marketing,2023-Q4,79.09,0.86,0.88,0.07,0.93,0.81,4.15
Sales,2023-Q4,88.75,0.99,0.83,0.04,1.0,0.98,4.48
IT,2023-Q4,81.99,0.89,0.88,0.08,0.96,0.84,4.55
Marketing,2023-Q4,85.24,0.81,0.95,0.09,0.94,0.98,4.79
Sales,2023-Q4,93.68,0.81,0.94,0.02,0.98,0.88,3.77
IT,2023-Q4,75.75,0.9,0.84,0.04,0.87,0.97,4.93
Marketing,2023-Q4,85.01,0.88,0.92,0.05,0.85,0.93,3.59
Sales,2023-Q4,92.09,0.75,0.99,0.05,0.95,0.84,4.98
IT,2023-Q4,86.76,0.96,0.91,0.06,0.86,0.98,4.79
Marketing,2023-Q4,80.54,0.93,0.79,0.04,0.87,0.85,4.49
Sales,2023-Q4,82.95,0.92,0.92,0.07,0.96,0.85,4.6
IT,2023-Q4,88.61,0.77,0.78,0.07,0.89,0.96,3.61
Marketing,2023-Q4,92.82,0.84,0.97,0.06,0.94,0.82,3.56
Sales,2023-Q4,75.82,0.98,0.88,0.02,0.99,0.84,3.65
IT,2023-Q4,76.43,0.97,0.85,0.05,0.9,0.9,3.63
Marketing,2023-Q4,81.5,0.82,0.76,0.04,0.88,0.97,4.32
Sales,2023-Q4,79.66,0.79,0.85,0.05,0.87,0.83,3.82
IT,2023-Q4,80.3,0.86,0.98,0.09,0.87,0.91,4.79
Marketing,2023-Q4,79.43,0.84,0.76,0.05,0.86,0.94,4.17
Sales,2023-Q4,78.92,0.92,0.87,0.01,0.86,0.97,4.54
IT,2023-Q4,77.61,0.99,0.98,0.05,0.91,0.99,4.48
Marketing,2023-Q4,93.68,0.84,0.85,0.08,0.9,0.96,3.98
Sales,2023-Q4,77.88,0.77,0.86,0.08,0.96,0.93,3.86
IT,2023-Q4,79.09,0.97,0.89,0.06,0.98,0.89,4.01
Marketing,2023-Q4,79.93,0.76,0.87,0.03,0.97,0.82,4.69
Sales,2023-Q4,93.66,0.99,0.79,0.05,0.93,0.94,4.38
IT,2023-Q4,90.11,0.92,0.75,0.06,0.87,1.0,3.88
Marketing,2023-Q4,90.79,0.99,0.9,0.1,0.96,0.95,4.73
Sales,2023-Q4,77.1,0.8,0.98,0.07,0.9,0.8,3.58
IT,2023-Q4,91.73,0.76,0.78,0.07,0.86,0.9,4.55
Marketing,2023-Q4,83.16,0.87,0.8,0.05,0.98,0.92,4.16
Sales,2023-Q4,80.26,0.86,0.84,0.04,0.9,0.94,4.6
IT,2023-Q4,86.52,0.83,0.95,0.08,0.88,0.94,4.89
Marketing,2023-Q4,91.44,0.99,0.82,0.05,0.98,0.91,4.63
Sales,2023-Q4,90.57,0.96,0.97,0.1,0.99,0.84,4.16
IT,2023-Q4,92.8,0.92,0.76,0.05,0.9,0.99,3.73
Marketing,2023-Q4,93.56,0.79,0.99,0.02,0.9,0.94,4.71
Sales,2023-Q4,79.76,0.93,0.89,0.07,0.94,0.85,4.19
IT,2023-Q4,83.48,0.93,0.91,0.01,0.96,0.86,3.61
Marketing,2023-Q4,75.29,0.86,0.84,0.03,0.86,0.98,4.58
Sales,2023-Q4,92.59,0.98,0.95,0.04,0.94,0.98,3.94
IT,2023-Q4,78.09,0.79,0.79,0.08,0.99,0.88,3.57
Marketing,2023-Q4,92.23,0.82,0.76,0.05,0.89,0.81,4.85
Sales,2023-Q4,81.59,0.77,0.85,0.01,0.99,0.81,4.22
IT,2023-Q4,82.36,0.95,0.96,0.07,0.99,0.86,3.92
Marketing,2023-Q4,75.78,0.91,0.94,0.05,0.89,0.93,4.57
Sales,2023-Q4,81.54,0.83,0.88,0.09,0.96,0.92,4.83
IT,2023-Q4,92.77,0.79,0.89,0.05,0.89,0.93,3.5
Marketing,2023-Q4,75.51,0.76,0.78,0.07,0.96,0.94,4.53
Sales,2023-Q4,83.13,0.79,0.96,0.03,0.97,0.8,4.65
IT,2023-Q4,75.63,0.86,0.95,0.08,0.89,0.82,3.81
Marketing,2023-Q4,82.42,0.81,0.91,0.07,0.96,0.87,4.23
Sales,2023-Q4,78.45,0.81,0.87,0.09,0.97,0.83,3.63
IT,2023-Q4,80.04,0.97,0.99,0.01,0.9,0.82,4.62
Marketing,2023-Q4,92.55,0.88,0.97,0.05,0.88,0.93,4.77
Sales,2023-Q4,83.72,0.93,0.91,0.07,0.86,0.96,3.66
IT,2023-Q4,80.48,0.76,0.84,0.02,0.94,0.95,4.72
Marketing,2023-Q4,86.79,0.84,0.9,0.05,1.0,0.96,4.66
Sales,2023-Q4,77.84,0.87,0.89,0.09,0.97,0.93,4.02
IT,2023-Q4,80.19,0.8,0.85,0.05,0.92,0.95,4.54
Marketing,2023-Q4,85.92,0.78,0.83,0.1,0.93,0.85,3.5
Sales,2023-Q4,79.75,0.97,0.85,0.02,0.89,1.0,4.9
IT,2023-Q4,88.58,0.98,0.89,0.07,0.87,0.84,4.33
Marketing,2023-Q4,84.83,0.77,0.86,0.06,0.92,0.84,4.43
Sales,2023-Q4,90.44,0.84,0.82,0.06,0.92,0.86,4.5
IT,2023-Q4,93.96,0.99,0.94,0.1,0.93,1.0,4.34
Marketing,2023-Q4,77.32,0.77,0.88,0.02,0.99,1.0,4.79
Sales,2023-Q4,81.69,0.91,0.77,0.09,0.94,0.96,4.41
IT,2023-Q4,81.39,0.99,0.84,0.07,0.94,0.93,4.86
Marketing,2023-Q4,78.02,0.99,0.97,0.03,0.87,0.9,4.37
Sales,2023-Q4,91.21,0.87,0.94,0.09,1.0,0.99,3.76
IT,2023-Q4,90.2,0.79,0.83,0.05,0.97,0.94,4.87
Marketing,2023-Q4,84.69,0.8,0.98,0.08,0.98,0.99,4.52
Sales,2023-Q4,85.76,0.97,0.77,0.04,0.91,0.86,4.55
IT,2023-Q4,76.19,0.98,0.99,0.09,0.93,0.87,4.98
Marketing,2023-Q4,86.11,0.9,0.81,0.07,0.93,0.97,3.61
Sales,2023-Q4,90.83,0.94,0.75,0.02,0.88,0.83,4.14
IT,2023-Q4,86.48,0.93,0.86,0.07,0.95,0.99,3.86
Marketing,2023-Q4,80.31,0.92,0.84,0.03,0.99,0.9,4.45
Sales,2023-Q4,88.35,0.96,0.88,0.05,0.87,0.99,4.71
IT,2023-Q4,82.23,0.92,0.95,0.03,0.86,0.87,4.95
Marketing,2023-Q4,85.9,0.88,0.96,0.01,0.96,0.94,4.18
Sales,2023-Q4,84.75,0.81,0.85,0.03,0.89,0.9,4.68
IT,2023-Q4,82.62,0.94,0.86,0.06,0.94,0.93,4.88
Marketing,2023-Q4,89.38,0.87,0.79,0.05,0.95,0.9,4.52
Sales,2023-Q4,92.68,0.82,0.76,0.06,0.9,0.99,3.86
IT,2023-Q4,75.1,0.95,0.91,0.03,0.97,0.94,4.41
Marketing,2023-Q4,93.67,0.92,0.77,0.07,0.93,0.85,4.95
Sales,2023-Q4,85.23,0.98,0.93,0.07,0.98,0.98,4.98
IT,2023-Q4,89.01,0.79,0.88,0.04,0.96,0.86,4.46
Marketing,2023-Q4,92.11,0.91,0.8,0.09,0.98,0.87,4.83
Sales,2023-Q4,84.34,0.81,0.88,0.07,0.85,0.82,3.8
IT,2023-Q4,91.7,0.98,0.8,0.07,0.89,0.98,3.87
Marketing,2023-Q4,78.55,0.77,0.86,0.03,0.86,0.86,4.93
Sales,2023-Q4,78.18,0.91,0.95,0.01,0.92,0.85,3.7
IT,2023-Q4,88.15,0.95,0.87,0.09,0.98,0.98,3.79
Marketing,2023-Q4,92.4,0.84,0.79,0.08,0.92,0.96,4.13
Sales,2023-Q4,92.85,0.99,0.93,0.02,0.98,0.83,4.38
IT,2023-Q4,87.87,0.96,0.8,0.04,0.9,0.95,4.41
Marketing,2023-Q4,85.51,0.82,0.93,0.07,0.9,0.98,3.94
Sales,2023-Q4,81.63,0.75,0.87,0.07,0.98,0.82,4.88
IT,2023-Q4,94.6,0.82,0.86,0.09,0.91,0.97,4.87
Marketing,2023-Q4,81.39,0.82,0.96,0.02,0.97,0.91,4.09
Sales,2023-Q4,89.88,0.97,0.93,0.05,0.89,0.93,4.15
IT,2023-Q4,85.64,0.99,0.76,0.02,0.99,0.9,4.55
Marketing,2023-Q4,87.17,0.77,0.82,0.05,0.94,0.94,4.49
Sales,2023-Q4,82.87,0.87,0.97,0.01,0.96,0.81,4.07
IT,2023-Q4,94.3,0.89,0.75,0.09,0.86,0.95,4.12
Marketing,2023-Q4,86.43,0.77,0.89,0.06,0.92,0.81,4.02
Sales,2023-Q4,93.76,0.84,0.93,0.09,0.99,0.89,3.85
IT,2023-Q4,75.15,0.83,0.91,0.02,0.98,0.83,4.19
Marketing,2023-Q4,86.45,0.88,0.94,0.03,0.86,0.96,4.53
Sales,2023-Q4,89.34,0.92,0.93,0.03,0.9,0.86,4.61
IT,2023-Q4,89.9,0.93,0.92,0.04,0.92,0.89,4.67
Marketing,2023-Q4,93.1,0.78,0.96,0.08,0.88,0.89,4.06
Sales,2023-Q4,75.09,0.95,0.91,0.04,0.96,0.95,4.65
IT,2023-Q4,75.01,0.92,0.85,0.03,0.88,0.9,3.51
Marketing,2023-Q4,84.45,0.97,0.87,0.02,0.9,0.96,4.22
Sales,2023-Q4,75.59,0.86,0.93,0.02,0.95,0.81,4.69
IT,2023-Q4,94.49,0.97,0.97,0.08,0.92,0.84,4.45
Marketing,2023-Q4,79.44,0.97,0.82,0.05,0.96,0.91,4.21
Sales,2023-Q4,84.45,0.86,0.84,0.08,0.99,0.99,4.47
IT,2023-Q4,76.22,0.85,0.98,0.07,0.87,0.81,4.86
Marketing,2023-Q4,85.44,0.98,0.89,0.02,0.96,0.81,4.35
Sales,2023-Q4,82.6,0.93,0.79,0.02,0.88,0.83,4.7
IT,2023-Q4,75.89,0.98,0.92,0.08,0.91,0.93,4.97
Marketing,2023-Q4,81.7,0.95,1.0,0.07,0.85,0.88,4.56
Sales,2023-Q4,82.83,0.9,0.96,0.04,0.87,0.97,4.36
IT,2023-Q4,94.8,0.78,0.94,0.02,0.9,0.81,3.56
Marketing,2023-Q4,79.16,0.82,0.8,0.01,0.9,0.84,4.06
Sales,2023-Q4,85.9,0.99,0.97,0.04,0.98,0.86,4.35
IT,2023-Q4,94.75,0.83,0.88,0.01,0.96,0.93,4.7
Marketing,2023-Q4,90.84,0.77,0.97,0.03,1.0,0.94,4.16
Sales,2023-Q4,94.87,0.93,0.83,0.05,0.94,0.82,4.94
IT,2023-Q4,94.37,0.93,0.77,0.02,0.89,0.99,3.91
Marketing,2023-Q4,84.79,0.82,0.87,0.02,0.9,0.87,4.62
Sales,2023-Q4,88.93,0.82,0.82,0.09,0.9,0.94,4.13
IT,2023-Q4,77.21,0.87,0.93,0.06,0.9,0.9,4.23
Marketing,2023-Q4,83.82,0.76,0.99,0.09,0.95,0.84,4.7
Sales,2023-Q4,91.18,0.95,0.92,0.04,0.93,0.97,3.94
IT,2023-Q4,85.11,0.83,0.97,0.07,0.91,0.96,3.65
Marketing,2023-Q4,89.05,0.96,0.86,0.03,0.87,0.88,4.28
Sales,2023-Q4,89.92,0.95,0.94,0.07,0.85,0.92,4.29
IT,2023-Q4,80.07,0.92,0.96,0.02,0.88,0.85,4.7
Marketing,2023-Q4,92.51,0.83,0.93,0.01,0.87,0.94,4.95
Sales,2023-Q4,84.2,0.88,0.88,0.09,0.97,0.86,3.58
IT,2023-Q4,79.2,0.86,0.91,0.06,0.87,0.97,4.39
Marketing,2023-Q4,92.31,0.83,0.93,0.09,0.96,0.84,4.52
Sales,2023-Q4,83.36,0.96,0.81,0.04,0.91,0.8,4.98
IT,2023-Q4,90.01,0.87,0.95,0.04,0.86,0.85,4.91
Marketing,2023-Q4,85.96,0.96,0.99,0.05,0.97,0.84,4.57
Sales,2023-Q4,82.64,0.78,0.87,0.07,0.94,0.9,4.28
IT,2023-Q4,91.2,0.79,0.93,0.06,0.89,0.84,3.74
Marketing,2023-Q4,86.69,0.99,0.93,0.09,0.98,0.95,4.08
Sales,2023-Q4,82.81,0.9,0.92,0.01,0.86,0.85,4.38
IT,2023-Q4,77.19,0.88,0.89,0.07,0.88,0.94,4.59
Marketing,2023-Q4,92.91,0.88,0.97,0.04,0.96,0.92,4.45
Sales,2023-Q4,75.71,0.8,0.86,0.03,0.96,1.0,4.57
IT,2023-Q4,92.26,0.93,0.77,0.06,0.89,1.0,4.14
Marketing,2023-Q4,82.2,0.77,0.96,0.06,0.86,0.97,4.59
Sales,2023-Q4,87.79,0.89,0.92,0.02,0.98,0.95,3.72
IT,2023-Q4,93.44,0.89,0.96,0.03,0.9,0.88,3.74
Marketing,2023-Q4,78.03,0.98,0.78,0.05,0.88,0.95,3.74
Sales,2023-Q4,86.34,0.88,0.76,0.05,0.93,0.99,4.84
IT,2023-Q4,90.29,0.78,0.98,0.04,0.99,0.8,3.61
Marketing,2023-Q4,90.15,0.89,0.79,0.02,0.86,0.91,4.7
Sales,2023-Q4,85.51,0.77,0.95,0.01,0.96,0.84,3.85
IT,2023-Q4,87.49,0.8,0.96,0.1,0.94,0.91,4.2
Marketing,2023-Q4,90.15,0.76,0.93,0.09,0.91,0.89,4.87
Sales,2023-Q4,91.82,0.88,0.78,0.05,0.96,0.92,4.38
IT,2023-Q4,90.24,0.77,0.92,0.1,0.99,0.91,3.82
Marketing,2023-Q4,82.08,0.87,0.97,0.07,0.88,0.99,3.93
Sales,2023-Q4,94.93,0.98,0.86,0.02,0.87,0.91,4.88
IT,2023-Q4,83.69,0.93,0.85,0.02,0.99,0.97,4.14
Marketing,2023-Q4,75.49,0.77,0.86,0.09,0.95,0.86,4.38
Sales,2023-Q4,82.25,0.81,0.77,0.07,0.92,0.89,4.19
IT,2023-Q4,77.56,0.92,0.97,0.09,0.94,0.89,4.07
Marketing,2023-Q4,77.43,0.97,0.97,0.09,0.96,0.86,3.83
Sales,2023-Q4,80.63,0.76,1.0,0.05,0.97,0.88,4.53
IT,2023-Q4,76.07,0.95,0.9,0.01,0.99,0.92,4.58
Marketing,2023-Q4,88.77,0.89,0.94,0.03,0.91,0.92,3.91
Sales,2023-Q4,76.48,0.89,0.8,0.02,0.89,0.93,4.68
IT,2023-Q4,79.07,0.99,0.92,0.03,0.95,0.87,4.78
Marketing,2023-Q4,76.86,0.94,0.91,0.05,0.91,0.86,4.88
Sales,2023-Q4,76.26,0.96,0.98,0.02,0.94,0.92,3.74
IT,2023-Q4,80.36,0.84,0.96,0.03,0.91,0.83,3.96
Marketing,2023-Q4,86.44,0.89,0.98,0.05,0.87,0.85,4.79
Sales,2023-Q4,94.29,0.9,0.97,0.04,0.92,0.81,3.8
IT,2023-Q4,92.51,0.83,0.97,0.05,0.95,0.81,3.51
Marketing,2023-Q4,92.52,0.89,0.77,0.05,0.97,0.85,4.81
Sales,2023-Q4,78.52,0.81,0.96,0.07,0.92,0.8,3.99
IT,2023-Q4,80.3,0.79,0.9,0.09,0.87,0.85,4.12
Marketing,2023-Q4,76.53,0.84,0.85,0.02,0.91,0.93,4.17
Sales,2023-Q4,90.57,0.93,0.76,0.02,0.97,0.81,4.77
IT,2023-Q4,76.4,0.98,0.92,0.09,0.91,0.89,4.01
Marketing,2023-Q4,86.13,0.86,0.83,0.06,0.95,0.98,4.84
Sales,2023-Q4,79.96,0.91,0.87,0.08,0.93,0.96,4.43
IT,2023-Q4,79.87,0.78,0.92,0.03,0.89,0.86,4.29
Marketing,2023-Q4,94.81,0.98,0.98,0.08,0.97,0.98,3.99
Sales,2023-Q4,90.14,0.89,0.96,0.09,0.86,0.87,3.87
IT,2023-Q4,91.74,0.95,0.86,0.07,0.93,0.81,4.44
Marketing,2023-Q4,86.44,0.95,0.85,0.02,0.88,1.0,4.17
Sales,2023-Q4,92.42,0.81,0.81,0.09,0.86,0.97,4.87
IT,2023-Q4,87.91,0.88,0.84,0.08,0.93,0.89,4.24
Marketing,2023-Q4,93.92,0.99,0.78,0.08,0.92,0.93,4.27
Sales,2023-Q4,80.63,0.77,0.99,0.01,0.96,0.93,4.13
IT,2023-Q4,86.91,0.92,0.89,0.08,0.96,0.84,4.68
Marketing,2023-Q4,88.8,0.99,0.78,0.02,0.96,0.84,4.14
Sales,2023-Q4,82.86,0.83,0.84,0.03,0.91,0.89,3.9
IT,2023-Q4,92.59,0.97,0.89,0.06,0.94,0.98,4.79
Marketing,2023-Q4,94.6,0.98,0.88,0.03,0.94,0.8,4.4
Sales,2023-Q4,84.88,0.94,0.76,0.07,0.91,0.96,4.39
IT,2023-Q4,82.81,0.81,0.99,0.06,0.94,0.81,4.42
Marketing,2023-Q4,84.44,0.83,0.82,0.02,0.99,0.9,4.58
Sales,2023-Q4,92.05,0.76,0.75,0.07,0.88,0.93,3.97
IT,2023-Q4,87.91,0.96,0.77,0.09,0.99,0.94,3.55
Marketing,2023-Q4,75.9,0.96,0.9,0.02,0.86,0.81,4.72
Sales,2023-Q4,85.84,0.91,0.78,0.06,0.9,0.88,3.69
IT,2023-Q4,75.35,0.84,0.76,0.04,0.89,0.92,4.58
Marketing,2023-Q4,90.57,0.77,0.84,0.05,0.94,0.81,3.62
Sales,2023-Q4,81.57,0.94,0.91,0.04,0.87,0.83,4.06
IT,2023-Q4,84.44,0.93,0.78,0.04,0.98,0.93,3.59
Marketing,2023-Q4,90.97,0.98,0.83,0.01,0.97,0.9,4.28
Sales,2023-Q4,75.93,0.93,0.85,0.1,0.95,0.83,4.48
IT,2023-Q4,78.17,0.96,0.79,0.07,0.92,0.91,3.76
Marketing,2023-Q4,82.96,0.94,0.88,0.06,0.99,0.98,4.06
Sales,2023-Q4,79.6,0.91,0.77,0.04,0.97,0.8,4.9
IT,2023-Q4,81.76,0.86,0.76,0.06,0.92,0.93,4.16
Marketing,2023-Q4,94.96,0.98,0.88,0.04,0.96,0.81,4.7
Sales,2023-Q4,91.51,0.91,0.81,0.04,0.94,0.8,4.89
IT,2023-Q4,92.68,0.85,0.77,0.05,0.94,0.83,4.96
Marketing,2023-Q4,93.74,0.77,0.86,0.03,0.9,0.88,4.85
Sales,2023-Q4,81.82,0.82,0.98,0.03,0.92,0.96,3.98
IT,2023-Q4,80.94,0.89,0.93,0.06,0.86,0.86,4.94
Marketing,2023-Q4,79.68,0.82,0.95,0.09,0.9,0.93,4.72
Sales,2023-Q4,91.6,0.81,0.97,0.02,0.95,0.88,4.76
IT,2023-Q4,88.59,0.88,0.99,0.01,0.99,0.85,3.52
Marketing,2023-Q4,79.72,0.79,0.94,0.03,0.99,0.9,4.93
Sales,2023-Q4,82.54,0.95,0.9,0.1,0.93,0.96,4.67
IT,2023-Q4,85.13,0.87,0.84,0.08,0.94,0.97,4.65
Marketing,2023-Q4,85.56,0.89,0.8,0.06,0.88,0.97,3.62
Sales,2023-Q4,92.77,0.79,0.92,0.09,0.95,0.87,3.85
IT,2023-Q4,82.61,0.83,1.0,0.05,0.86,0.96,4.94
Marketing,2023-Q4,93.17,0.85,0.87,0.1,0.89,0.84,4.25
Sales,2023-Q4,83.83,0.95,0.93,0.04,0.95,0.95,4.1
IT,2023-Q4,89.93,0.94,0.87,0.03,0.9,0.99,4.76
Marketing,2023-Q4,93.61,0.81,0.86,0.07,0.86,0.8,3.63
Sales,2023-Q4,93.15,0.9,0.85,0.04,0.97,0.89,4.13
IT,2023-Q4,76.14,0.81,0.88,0.07,0.9,0.93,4.06
Marketing,2023-Q4,79.11,1.0,0.84,0.04,0.86,0.94,4.02
Sales,2023-Q4,84.54,0.99,0.94,0.07,0.86,0.84,3.96
IT,2023-Q4,83.63,0.89,0.97,0.03,0.89,0.99,3.82
Marketing,2023-Q4,87.82,0.92,0.97,0.01,0.88,0.92,3.76
Sales,2023-Q4,93.89,0.95,0.81,0.09,0.97,0.83,4.46
IT,2023-Q4,77.25,0.93,0.97,0.09,0.9,0.8,4.88
Marketing,2023-Q4,84.04,0.92,0.84,0.1,0.97,0.96,4.26
Sales,2023-Q4,78.85,0.99,0.83,0.07,0.88,0.82,3.95
IT,2023-Q4,92.88,0.9,0.93,0.07,0.92,0.83,3.74
Marketing,2023-Q4,94.29,0.91,0.83,0.06,0.95,0.91,4.75
Sales,2023-Q4,84.57,0.96,0.76,0.02,0.95,0.92,4.96
IT,2023-Q4,77.08,0.92,0.84,0.03,0.94,0.94,4.02
Marketing,2023-Q4,90.71,0.93,0.93,0.04,0.99,0.88,3.94
Sales,2023-Q4,88.94,0.81,0.83,0.09,0.88,0.95,4.4
IT,2023-Q4,82.09,0.84,0.91,0.03,0.92,0.99,4.66
Marketing,2023-Q4,92.75,0.79,0.92,0.09,0.98,0.85,4.18
Sales,2023-Q4,94.52,0.88,0.93,0.06,0.86,0.94,4.45
IT,2023-Q4,86.16,0.86,0.97,0.07,0.86,0.99,4.57
Marketing,2023-Q4,86.31,1.0,0.86,0.02,0.88,0.94,4.94
Sales,2023-Q4,80.95,0.9,0.79,0.03,0.94,0.94,3.75
IT,2023-Q4,86.69,0.95,0.83,0.1,0.89,0.84,5.0
Marketing,2023-Q4,83.79,0.83,0.86,0.03,0.88,0.91,4.09
Sales,2023-Q4,81.04,0.96,0.93,0.04,0.92,0.91,4.58
IT,2023-Q4,76.34,0.9,0.75,0.03,0.94,0.94,4.36
Marketing,2023-Q4,80.05,0.92,0.83,0.02,0.89,1.0,4.23
Sales,2023-Q4,78.96,0.82,0.94,0.03,0.9,0.81,4.55
IT,2023-Q4,85.84,0.89,0.92,0.07,0.94,0.81,4.09
Marketing,2023-Q4,87.03,0.91,0.93,0.05,0.99,0.82,3.69
Sales,2023-Q4,87.17,0.9,0.95,0.06,0.95,0.95,4.23
IT,2023-Q4,82.76,0.98,0.95,0.02,0.97,0.83,4.28
Marketing,2023-Q4,83.42,0.97,0.92,0.08,0.91,0.92,3.8
Sales,2023-Q4,91.68,0.99,0.86,0.08,0.89,0.86,4.9
IT,2023-Q4,84.52,0.92,1.0,0.01,0.92,0.89,3.84
Marketing,2023-Q4,94.76,0.99,0.89,0.04,0.97,0.84,4.11
Sales,2023-Q4,83.79,0.96,0.8,0.02,0.92,0.97,3.73
IT,2023-Q4,87.99,0.82,0.82,0.08,0.98,0.92,4.3
Marketing,2023-Q4,76.01,0.86,0.92,0.08,1.0,0.99,3.96
Sales,2023-Q4,88.07,0.81,0.98,0.09,0.86,0.91,4.23
IT,2023-Q4,92.03,0.75,0.79,0.03,0.86,0.82,3.84
Marketing,2023-Q4,93.85,0.8,0.77,0.05,0.87,0.83,3.58
Sales,2023-Q4,94.95,0.75,0.97,0.03,0.91,1.0,4.67
IT,2023-Q4,80.64,0.93,0.98,0.04,0.87,0.95,4.46
Marketing,2023-Q4,86.51,0.86,0.82,0.06,0.98,0.81,4.01
Sales,2023-Q4,84.01,0.83,0.84,0.01,0.85,0.94,3.57
IT,2023-Q4,86.28,0.94,0.92,0.07,0.9,0.88,4.8
Marketing,2023-Q4,78.15,0.96,0.83,0.06,0.88,0.86,3.75
Sales,2023-Q4,92.12,0.99,0.97,0.08,0.99,0.83,4.9
IT,2023-Q4,93.19,0.91,0.78,0.03,0.95,0.97,4.22
Marketing,2023-Q4,83.99,0.87,0.76,0.09,0.99,0.81,4.01
Sales,2023-Q4,80.61,0.83,0.8,0.1,1.0,0.86,4.61
IT,2023-Q4,77.82,0.81,0.82,0.09,0.92,0.86,4.82
Marketing,2023-Q4,88.68,0.8,0.78,0.08,0.89,0.83,4.06
Sales,2023-Q4,81.24,0.85,0.77,0.08,0.88,0.9,4.11
IT,2023-Q4,93.19,1.0,0.94,0.06,0.88,0.8,4.15
Marketing,2023-Q4,88.42,0.75,0.79,0.03,0.96,0.86,4.88
Sales,2023-Q4,87.91,0.8,0.98,0.07,0.86,0.99,4.54
IT,2023-Q4,86.19,0.8,0.84,0.07,0.86,0.86,3.87
Marketing,2023-Q4,75.92,0.93,0.92,0.1,0.94,0.87,3.78
Sales,2023-Q4,93.64,0.84,0.81,0.06,0.95,0.89,3.85
IT,2023-Q4,87.56,0.86,0.81,0.03,0.95,0.91,3.9
Marketing,2023-Q4,94.88,0.79,0.89,0.07,0.91,0.96,3.85
Sales,2023-Q4,85.75,0.85,0.89,0.1,0.97,0.84,4.49
IT,2023-Q4,89.2,0.78,0.94,0.03,0.93,0.97,3.67
Marketing,2023-Q4,76.12,0.88,0.94,0.04,0.87,0.95,4.08
Sales,2023-Q4,87.63,0.77,0.92,0.06,0.97,0.94,4.44
IT,2023-Q4,90.29,0.95,0.86,0.03,0.99,0.82,3.94
Marketing,2023-Q4,90.57,0.89,0.97,0.01,0.86,0.8,3.6
Sales,2023-Q4,90.4,0.93,0.91,0.04,0.91,0.92,3.62
IT,2023-Q4,79.53,0.85,1.0,0.09,0.92,0.97,3.69
Marketing,2023-Q4,94.51,0.85,0.95,0.01,0.87,0.92,4.75
Sales,2023-Q4,94.9,0.77,0.76,0.05,0.98,0.84,4.49
IT,2023-Q4,76.51,0.88,0.83,0.08,0.89,0.82,3.6
Marketing,2023-Q4,93.73,0.88,0.89,0.1,0.97,0.94,4.09
Sales,2023-Q4,80.79,0.87,0.93,0.1,0.95,0.94,3.92
IT,2023-Q4,88.79,0.94,0.89,0.05,0.94,0.83,4.37
Marketing,2023-Q4,81.76,0.96,0.95,0.1,0.88,0.81,4.28
Sales,2023-Q4,94.36,0.94,0.82,0.01,0.88,0.88,4.22
IT,2023-Q4,77.03,0.79,0.8,0.08,0.86,0.92,3.97
Marketing,2023-Q4,84.95,0.91,0.76,0.07,0.89,0.94,3.71
Sales,2023-Q4,83.56,0.77,0.89,0.03,0.9,0.96,4.61
IT,2023-Q4,81.52,0.92,0.92,0.06,0.97,0.92,4.82
Marketing,2023-Q4,87.91,0.85,0.83,0.02,0.9,0.82,4.92
Sales,2023-Q4,77.62,0.78,0.9,0.09,0.96,0.94,3.59
IT,2023-Q4,89.33,0.97,0.76,0.04,0.92,1.0,4.61
Marketing,2023-Q4,94.61,0.9,0.77,0.07,0.97,0.98,4.59
Sales,2023-Q4,91.09,0.84,0.93,0.02,1.0,0.97,4.92
IT,2023-Q4,92.2,0.76,0.84,0.03,0.89,0.86,3.88
Marketing,2023-Q4,82.19,0.88,0.92,0.1,0.98,0.95,4.61
Sales,2023-Q4,81.5,0.98,0.96,0.08,0.94,0.97,3.58
IT,2023-Q4,85.34,0.9,0.96,0.1,0.97,0.94,4.45
Marketing,2023-Q4,75.91,0.99,0.79,0.04,0.95,0.85,4.03
Sales,2023-Q4,93.91,0.78,0.87,0.02,0.91,0.99,4.65
IT,2023-Q4,77.88,0.89,0.93,0.06,0.88,0.89,4.79
Marketing,2023-Q4,93.06,0.95,0.94,0.05,0.86,0.83,4.05
Sales,2023-Q4,76.67,0.88,0.95,0.03,0.93,0.82,4.29
IT,2023-Q4,91.45,0.77,0.81,0.08,1.0,0.93,3.68
Marketing,2023-Q4,78.04,0.9,0.8,0.04,0.96,0.89,4.13
Sales,2023-Q4,75.76,0.9,0.9,0.03,0.9,0.82,4.04
IT,2023-Q4,89.39,0.93,0.94,0.04,0.97,0.95,3.77
Marketing,2023-Q4,80.61,0.94,0.83,0.06,0.97,0.96,4.84
Sales,2023-Q4,89.29,0.94,0.78,0.08,0.89,0.95,3.72
IT,2023-Q4,86.1,0.92,0.93,0.05,0.85,0.84,4.45
Marketing,2023-Q4,77.18,0.8,0.82,0.06,0.87,0.94,4.84
Sales,2023-Q4,93.64,0.85,0.79,0.02,0.98,0.8,4.87
IT,2023-Q4,84.05,0.94,0.79,0.09,0.98,0.86,4.69
Marketing,2023-Q4,89.69,0.99,0.83,0.09,0.89,0.88,3.76
Sales,2023-Q4,85.02,0.77,0.9,0.07,0.89,0.97,4.73
IT,2023-Q4,87.09,0.88,0.84,0.01,0.97,0.88,3.91
Marketing,2023-Q4,81.06,0.83,0.76,0.06,0.99,0.8,4.88
Sales,2023-Q4,79.01,0.81,0.77,0.07,0.97,0.87,4.56
IT,2023-Q4,85.85,0.88,0.82,0.1,0.94,0.9,4.68
Marketing,2023-Q4,83.8,0.9,0.91,0.1,0.89,0.99,3.63
Sales,2023-Q4,82.8,0.75,0.77,0.09,0.93,0.99,4.37
IT,2023-Q4,88.45,0.95,0.89,0.02,0.89,0.84,4.73
Marketing,2023-Q4,88.81,0.95,0.78,0.1,0.97,0.84,4.79
Sales,2023-Q4,75.92,0.99,0.8,0.07,0.91,0.83,3.54
IT,2023-Q4,81.77,0.8,0.79,0.08,0.98,0.96,4.91
Marketing,2023-Q4,83.24,0.9,0.77,0.05,0.91,0.8,3.57
Sales,2023-Q4,76.94,0.86,0.92,0.04,0.97,0.83,4.42
IT,2023-Q4,79.72,0.83,0.87,0.05,0.9,0.91,4.54
Marketing,2023-Q4,76.03,0.89,0.96,0.02,0.92,0.85,3.66
Sales,2023-Q4,94.92,0.95,0.77,0.04,0.94,0.82,3.57
IT,2023-Q4,89.73,0.76,0.79,0.09,0.86,0.87,4.68
Marketing,2023-Q4,76.75,0.99,0.83,0.01,0.99,0.85,4.08
Sales,2023-Q4,75.4,0.95,0.94,0.02,0.94,0.9,3.66
IT,2023-Q4,89.39,0.94,0.83,0.02,0.93,1.0,4.64
Marketing,2023-Q4,83.78,0.94,0.85,0.05,0.98,0.82,4.77
Sales,2023-Q4,90.74,0.85,0.83,0.1,0.98,0.87,4.38
IT,2023-Q4,93.47,0.94,0.77,0.03,0.93,0.99,3.74
Marketing,2023-Q4,86.99,0.85,0.98,0.02,0.99,0.98,3.52
Sales,2023-Q4,78.74,0.97,0.89,0.09,0.86,0.88,4.55
IT,2023-Q4,90.64,0.79,0.95,0.09,0.87,0.94,4.33
Marketing,2023-Q4,94.12,0.82,0.91,0.01,0.94,0.82,4.48
Sales,2023-Q4,86.6,0.89,0.88,0.08,0.9,0.94,4.72
IT,2023-Q4,88.64,0.83,0.77,0.07,0.92,0.99,4.15
Marketing,2023-Q4,81.75,0.86,0.91,0.08,0.9,0.91,3.69
Sales,2023-Q4,82.63,0.87,0.79,0.05,0.91,0.9,4.91
IT,2023-Q4,89.69,0.96,0.85,0.1,0.97,0.84,4.32
Marketing,2023-Q4,93.56,0.88,0.91,0.01,0.94,0.93,4.42
Sales,2023-Q4,87.58,0.84,0.95,0.03,1.0,0.92,4.9
IT,2023-Q4,90.8,0.81,0.92,0.05,0.97,0.93,4.9
Marketing,2023-Q4,78.43,0.85,0.92,0.05,0.89,0.81,4.36
Sales,2023-Q4,79.24,0.88,0.79,0.09,0.89,0.91,3.95
IT,2023-Q4,85.64,0.94,0.84,0.06,0.9,0.92,5.0
Marketing,2023-Q4,78.53,0.78,0.76,0.01,0.98,0.84,4.52
Sales,2023-Q4,87.7,0.81,0.93,0.05,0.85,0.84,4.11
IT,2023-Q4,80.83,0.84,0.99,0.05,0.88,0.86,4.34
Marketing,2023-Q4,90.83,0.84,0.82,0.1,0.99,0.94,4.12
Sales,2023-Q4,91.16,0.85,0.77,0.06,0.95,0.92,4.83
IT,2023-Q4,84.28,0.95,0.87,0.07,0.88,0.97,4.22
Marketing,2023-Q4,78.62,0.83,0.96,0.07,0.88,0.86,4.74
Sales,2023-Q4,87.94,0.88,0.89,0.08,0.98,0.98,4.76
IT,2023-Q4,94.86,0.91,0.76,0.07,0.98,0.95,4.74
Marketing,2023-Q4,87.45,0.81,0.99,0.03,0.89,0.88,4.58
Sales,2023-Q4,75.72,0.93,0.96,0.09,0.91,0.82,4.78
IT,2023-Q4,75.35,0.89,0.78,0.08,0.98,0.85,4.08
Marketing,2023-Q4,81.41,0.86,0.98,0.08,0.97,0.99,3.67
Sales,2023-Q4,78.92,0.95,0.86,0.1,0.97,0.86,4.76
IT,2023-Q4,91.26,0.81,0.84,0.08,0.93,0.87,4.25
Marketing,2023-Q4,91.9,0.97,0.87,0.08,0.99,0.84,3.69
Sales,2023-Q4,80.17,0.89,0.96,0.1,0.9,0.96,3.67
IT,2023-Q4,81.51,0.9,0.91,0.02,0.87,0.86,3.74
Marketing,2023-Q4,79.72,0.97,0.76,0.05,0.96,0.87,4.63
Sales,2023-Q4,93.17,0.95,0.99,0.06,0.93,0.88,4.57
IT,2023-Q4,85.05,0.9,0.79,0.04,0.98,0.89,3.81
Marketing,2023-Q4,88.12,0.94,0.94,0.09,0.86,0.88,4.77
Sales,2023-Q4,83.31,0.86,0.91,0.08,0.98,0.9,3.92
IT,2023-Q4,87.62,0.89,0.8,0.07,0.89,0.96,4.69
Marketing,2023-Q4,82.72,0.77,0.79,0.1,0.95,0.96,4.23
Sales,2023-Q4,81.79,0.77,0.97,0.03,0.86,0.96,4.6
IT,2023-Q4,87.69,0.96,0.85,0.08,0.94,0.82,4.07
Marketing,2023-Q4,86.82,0.76,0.91,0.06,0.96,0.96,4.02
Sales,2023-Q4,80.87,0.79,0.88,0.04,0.91,0.82,4.76
IT,2023-Q4,77.99,0.95,0.93,0.02,0.88,0.82,3.55
Marketing,2023-Q4,82.37,0.75,0.87,0.09,0.93,0.99,4.96
Sales,2023-Q4,83.3,0.82,0.82,0.06,0.97,0.96,4.47
IT,2023-Q4,87.57,0.9,0.84,0.08,0.9,0.91,4.15
Marketing,2023-Q4,93.29,0.9,0.96,0.06,0.89,0.97,4.44
Sales,2023-Q4,75.72,0.94,0.87,0.03,0.89,1.0,3.68
IT,2023-Q4,79.87,0.88,0.8,0.04,0.99,0.92,4.27
Marketing,2023-Q4,78.87,0.88,0.98,0.04,0.9,0.92,4.98
Sales,2023-Q4,85.05,0.93,0.95,0.1,0.85,0.95,3.85
IT,2023-Q4,83.59,0.87,0.76,0.01,0.97,0.85,4.58
Marketing,2023-Q4,89.58,0.9,1.0,0.1,0.95,0.83,4.15
Sales,2023-Q4,79.85,0.97,0.92,0.1,0.87,0.95,4.48
IT,2023-Q4,86.89,0.85,0.79,0.1,1.0,0.87,3.81
Marketing,2023-Q4,92.68,0.85,0.81,0.05,0.94,0.83,4.21
Sales,2023-Q4,93.21,0.75,0.92,0.1,0.93,0.86,4.97
IT,2023-Q4,94.18,0.9,0.94,0.05,0.91,0.87,3.79
Marketing,2023-Q4,90.47,0.76,0.81,0.01,0.98,0.99,4.45
Sales,2023-Q4,93.12,0.88,0.81,0.03,0.89,0.94,4.36
IT,2023-Q4,79.69,0.95,0.83,0.1,0.89,0.91,4.35
Marketing,2023-Q4,78.95,0.89,0.9,0.01,0.87,0.99,4.42
Sales,2023-Q4,75.13,0.82,0.79,0.06,0.96,0.98,4.25
IT,2023-Q4,89.14,0.95,0.78,0.02,0.94,0.9,3.53
Marketing,2023-Q4,93.75,0.82,0.92,0.04,0.94,0.98,4.85
Sales,2023-Q4,78.74,0.93,0.94,0.02,0.88,0.88,4.74
IT,2023-Q4,87.74,0.9,0.88,0.09,0.95,0.85,3.76
Marketing,2023-Q4,89.93,0.79,0.84,0.06,0.96,0.85,4.12
Sales,2023-Q4,93.55,0.98,0.86,0.09,0.9,0.93,4.66
IT,2023-Q4,87.94,0.8,0.85,0.07,0.97,0.9,4.97
Marketing,2023-Q4,94.41,1.0,0.99,0.1,0.9,0.93,4.93
Sales,2023-Q4,81.89,0.75,0.94,0.06,0.96,0.94,4.85
IT,2023-Q4,82.0,0.82,0.8,0.07,0.86,0.8,3.74
Marketing,2023-Q4,85.86,0.8,0.85,0.06,0.93,0.81,4.87
Sales,2023-Q4,82.67,0.75,0.89,0.05,1.0,0.91,4.82
IT,2023-Q4,75.03,0.93,0.9,0.09,1.0,0.84,4.07
Marketing,2023-Q4,89.64,0.92,0.87,0.07,0.89,0.93,4.09
Sales,2023-Q4,90.03,0.95,0.95,0.08,0.92,0.91,4.19
IT,2023-Q4,89.94,0.81,0.94,0.08,0.86,0.92,4.48
Marketing,2023-Q4,81.9,0.86,0.88,0.03,0.98,0.86,3.89
Sales,2023-Q4,85.45,0.91,0.96,0.07,0.94,0.93,3.53
IT,2023-Q4,82.2,0.86,0.94,0.03,0.91,0.97,3.71
Marketing,2023-Q4,75.32,0.92,0.94,0.06,0.87,1.0,4.16
Sales,2023-Q4,86.25,0.91,0.99,0.07,0.99,0.97,3.92
IT,2023-Q4,77.48,0.78,0.82,0.1,0.93,0.91,4.65
Marketing,2023-Q4,76.6,0.95,0.82,0.01,0.89,0.84,3.66
Sales,2023-Q4,90.11,0.93,0.97,0.02,0.9,0.94,4.88
IT,2023-Q4,75.19,0.91,0.94,0.02,0.89,0.99,4.84
Marketing,2023-Q4,94.18,0.79,0.98,0.05,0.94,0.84,4.86
Sales,2023-Q4,85.31,0.82,0.77,0.08,0.99,0.85,4.61
IT,2023-Q4,94.66,0.85,0.91,0.09,0.98,0.83,3.66
Marketing,2023-Q4,76.16,0.82,0.79,0.08,0.92,0.95,4.16
Sales,2023-Q4,86.67,0.81,0.88,0.09,0.97,0.88,3.7
IT,2023-Q4,81.99,0.95,0.79,0.04,0.91,0.81,4.98
Marketing,2023-Q4,91.87,0.91,0.78,0.02,0.89,0.97,4.0
Sales,2023-Q4,82.22,0.89,0.75,0.02,1.0,0.91,4.38
IT,2023-Q4,80.21,0.81,0.91,0.09,0.9,0.87,4.67
Marketing,2023-Q4,92.15,0.98,0.84,0.08,0.9,0.87,4.88
Sales,2023-Q4,82.49,0.8,0.78,0.07,1.0,0.86,4.63
IT,2023-Q4,75.34,0.95,0.83,0.04,0.87,0.89,4.51
Marketing,2023-Q4,82.81,0.99,0.79,0.04,0.96,0.87,4.2
Sales,2023-Q4,88.09,0.93,0.99,0.1,0.99,0.91,4.41
IT,2023-Q4,80.09,1.0,0.83,0.02,0.93,0.95,3.64
Marketing,2023-Q4,83.64,0.91,0.83,0.08,0.85,0.93,4.83
Sales,2023-Q4,76.13,0.8,0.96,0.04,0.91,0.86,4.32
IT,2023-Q4,86.76,0.8,0.91,0.01,0.87,0.91,3.56
Marketing,2023-Q4,90.13,0.83,0.93,0.08,0.91,0.97,4.88
Sales,2023-Q4,83.27,0.75,0.91,0.04,0.97,0.81,4.23
IT,2023-Q4,83.4,0.92,0.99,0.07,0.92,0.82,4.8
Marketing,2023-Q4,76.77,0.82,0.8,0.07,0.91,0.91,4.79
Sales,2023-Q4,79.04,0.95,1.0,0.06,0.93,0.93,4.72
IT,2023-Q4,78.09,0.84,0.96,0.08,0.94,0.84,3.59
Marketing,2023-Q4,84.63,0.87,0.9,0.06,0.98,0.95,3.87
Sales,2023-Q4,85.59,0.99,0.92,0.04,0.9,0.93,4.81
IT,2023-Q4,93.98,0.81,0.91,0.08,0.97,0.98,4.85
Marketing,2023-Q4,76.46,0.93,0.76,0.06,0.93,0.83,4.19
Sales,2023-Q4,87.0,0.94,0.8,0.01,0.9,0.95,4.16
IT,2023-Q4,85.53,0.81,0.99,0.09,0.89,0.82,3.76
Marketing,2023-Q4,85.32,0.88,0.88,0.06,0.9,0.91,4.95
Sales,2023-Q4,92.46,0.84,0.84,0.09,0.94,0.91,3.82
IT,2023-Q4,79.11,0.94,0.94,0.09,0.88,0.88,3.79
Marketing,2023-Q4,75.82,0.91,0.88,0.05,0.99,0.97,4.49
Sales,2023-Q4,88.45,0.87,0.75,0.06,0.94,0.8,3.86
IT,2023-Q4,81.9,0.94,0.93,0.05,0.99,0.9,4.91
Marketing,2023-Q4,75.35,0.81,0.93,0.05,0.86,0.84,3.52
Sales,2023-Q4,80.03,0.94,0.79,0.09,0.9,0.95,3.51
IT,2023-Q4,81.19,0.97,0.99,0.08,0.85,0.81,4.26
Marketing,2023-Q4,87.34,0.97,0.81,0.02,0.89,0.97,4.23
Sales,2023-Q4,78.45,0.95,0.86,0.06,0.98,0.97,3.75
IT,2023-Q4,83.26,0.85,0.78,0.1,0.86,0.97,4.24
Marketing,2023-Q4,84.65,1.0,0.9,0.06,0.92,0.83,4.12
Sales,2023-Q4,84.18,0.84,0.84,0.08,0.87,0.93,4.84
IT,2023-Q4,94.48,0.91,0.84,0.08,0.91,0.8,3.51
Marketing,2023-Q4,75.91,0.79,0.96,0.04,0.98,0.97,4.96
Sales,2023-Q4,94.02,1.0,0.75,0.04,0.94,0.94,4.44
IT,2023-Q4,86.64,0.93,0.95,0.08,0.96,0.91,3.73
Marketing,2023-Q4,90.91,0.94,0.89,0.05,0.9,0.95,3.57
Sales,2023-Q4,83.61,0.77,1.0,0.06,0.99,0.82,4.31
IT,2023-Q4,84.08,0.94,0.9,0.07,0.96,0.91,3.85
Marketing,2023-Q4,92.59,0.94,0.76,0.08,0.91,0.86,3.95
Sales,2023-Q4,92.92,0.92,0.76,0.03,0.91,0.99,3.87
IT,2023-Q4,79.77,0.82,0.97,0.02,0.99,0.97,4.48
Marketing,2023-Q4,78.98,0.87,0.96,0.04,0.94,0.95,4.33
Sales,2023-Q4,84.92,0.78,0.84,0.06,0.96,0.99,3.62
IT,2023-Q4,93.01,0.87,0.9,0.04,0.91,0.87,4.29
Marketing,2023-Q4,81.45,0.81,0.87,0.06,0.88,0.98,4.69
Sales,2023-Q4,88.04,0.84,0.99,0.01,0.96,0.87,3.62
IT,2023-Q4,89.16,0.79,0.99,0.06,0.94,0.95,4.83
Marketing,2023-Q4,90.57,0.81,1.0,0.04,0.93,0.95,4.37
Sales,2023-Q4,86.28,0.77,0.97,0.06,0.94,0.8,4.93
IT,2023-Q4,83.05,0.98,0.98,0.05,0.88,0.87,3.72
Marketing,2023-Q4,94.34,0.88,0.8,0.04,0.97,0.8,4.99
Sales,2023-Q4,87.23,0.85,0.96,0.09,0.99,1.0,4.47
IT,2023-Q4,89.57,0.88,0.93,0.03,0.98,0.82,4.35
Marketing,2023-Q4,81.9,0.91,0.99,0.07,0.9,0.91,4.27
Sales,2023-Q4,88.4,0.98,0.89,0.09,0.91,0.96,3.54
IT,2023-Q4,80.16,0.79,0.77,0.06,0.97,0.84,4.91
Marketing,2023-Q4,79.9,0.82,0.9,0.09,0.94,0.9,4.47
Sales,2023-Q4,89.29,0.99,0.92,0.02,0.93,0.92,3.64
IT,2023-Q4,85.43,0.84,0.81,0.05,0.99,0.83,3.53
Marketing,2023-Q4,88.67,0.76,0.85,0.05,0.93,0.96,3.58
Sales,2023-Q4,80.39,0.79,0.9,0.01,0.93,0.86,4.41
IT,2023-Q4,86.97,0.76,0.84,0.05,0.86,0.84,4.42
Marketing,2023-Q4,83.88,1.0,0.84,0.04,0.86,0.91,4.25
Sales,2023-Q4,86.94,0.82,0.78,0.07,0.85,0.88,3.96
IT,2023-Q4,80.82,0.98,0.99,0.09,0.99,0.98,4.3
Marketing,2023-Q4,89.31,1.0,0.94,0.02,0.91,0.98,4.27
Sales,2023-Q4,91.12,0.9,0.75,0.04,0.92,0.9,3.53
IT,2023-Q4,80.2,0.76,0.94,0.05,0.98,0.87,3.92
Marketing,2023-Q4,81.01,0.77,0.93,0.05,0.94,0.87,3.58
Sales,2023-Q4,88.22,0.87,0.75,0.08,0.94,0.85,4.85
IT,2023-Q4,88.91,0.85,0.84,0.05,0.89,0.91,4.59
Marketing,2023-Q4,89.08,0.9,0.9,0.01,0.98,0.96,4.99
Sales,2023-Q4,88.65,0.86,0.86,0.07,0.87,0.86,3.95
IT,2023-Q4,82.86,0.98,0.94,0.09,0.86,0.84,4.82
Marketing,2023-Q4,82.9,0.88,0.86,0.06,0.88,0.9,4.4
Sales,2023-Q4,80.1,0.92,0.79,0.06,0.89,0.81,4.18
IT,2023-Q4,78.14,0.97,0.99,0.02,0.89,0.94,3.83
Marketing,2023-Q4,88.85,0.79,0.81,0.03,0.95,0.9,4.61
Sales,2023-Q4,76.86,0.81,0.93,0.03,0.88,0.9,4.86
IT,2023-Q4,93.76,0.78,0.79,0.05,0.95,0.86,3.85
Marketing,2023-Q4,91.53,0.78,0.83,0.09,0.86,0.98,3.76
Sales,2023-Q4,92.15,0.88,0.86,0.06,0.87,0.82,4.54
IT,2023-Q4,93.13,0.83,0.8,0.03,0.93,0.97,4.97
Marketing,2023-Q4,83.17,0.86,0.86,0.03,0.99,0.88,4.62
Sales,2023-Q4,91.93,1.0,0.79,0.04,0.98,0.98,3.93
IT,2023-Q4,78.16,0.79,0.89,0.07,1.0,0.95,4.13
Marketing,2023-Q4,75.43,0.89,0.92,0.05,0.95,0.82,4.08
Sales,2023-Q4,90.7,0.77,0.77,0.05,0.95,0.97,4.78
IT,2023-Q4,76.5,0.83,0.97,0.06,0.94,0.94,4.66
Marketing,2023-Q4,94.77,0.88,0.8,0.03,0.94,0.81,4.38
Sales,2023-Q4,88.5,0.99,0.81,0.02,0.87,0.83,3.91
IT,2023-Q4,90.07,0.85,0.92,0.01,0.93,0.93,4.91
Marketing,2023-Q4,79.92,0.77,0.87,0.03,0.91,0.93,4.48
Sales,2023-Q4,88.48,0.85,0.87,0.02,0.92,0.95,4.96
IT,2023-Q4,75.86,0.79,0.78,0.04,0.93,0.94,4.37
Marketing,2023-Q4,91.76,0.81,0.95,0.08,0.87,0.93,4.73
Sales,2023-Q4,78.39,0.9,0.9,0.07,0.9,0.95,4.72
IT,2023-Q4,88.95,0.77,0.78,0.06,0.86,0.92,4.01
Marketing,2023-Q4,79.49,0.87,0.84,0.09,1.0,0.85,4.95
Sales,2023-Q4,76.37,0.9,0.95,0.04,0.87,0.98,3.53
IT,2023-Q4,84.63,0.86,0.89,0.09,0.89,0.8,4.65
Marketing,2023-Q4,78.39,0.75,0.78,0.05,0.98,0.87,4.95
Sales,2023-Q4,89.59,1.0,0.84,0.05,0.92,0.95,4.01
IT,2023-Q4,79.75,0.84,0.81,0.05,0.87,0.89,4.47
Marketing,2023-Q4,81.85,0.94,0.88,0.02,0.91,0.8,4.34
Sales,2023-Q4,86.35,0.83,0.96,0.1,0.87,0.81,4.64
IT,2023-Q4,80.7,0.87,0.86,0.02,0.88,0.93,4.8
Marketing,2023-Q4,82.56,0.85,0.86,0.04,0.86,0.99,4.4
Sales,2023-Q4,91.31,0.84,0.98,0.04,0.92,0.91,4.72
IT,2023-Q4,78.58,0.76,0.89,0.02,0.97,0.9,3.97
Marketing,2023-Q4,76.64,0.84,0.89,0.02,0.94,0.86,3.84
Sales,2023-Q4,81.57,0.97,0.82,0.01,0.94,0.85,4.15
IT,2023-Q4,83.49,0.92,0.9,0.04,0.88,0.8,4.52
Marketing,2023-Q4,85.85,0.79,0.89,0.09,0.9,0.85,3.78
Sales,2023-Q4,82.45,0.9,0.85,0.04,0.98,0.89,4.52
IT,2023-Q4,90.8,0.97,1.0,0.02,0.86,0.84,4.09
Marketing,2023-Q4,75.79,0.93,0.97,0.07,0.98,0.82,4.69
Sales,2023-Q4,83.64,0.79,0.94,0.1,0.92,0.94,3.56
IT,2023-Q4,82.65,0.97,0.88,0.03,0.98,0.98,4.5
Marketing,2023-Q4,87.95,0.83,0.87,0.04,0.9,0.99,4.47
Sales,2023-Q4,94.33,0.86,0.8,0.1,0.9,0.92,4.91
IT,2023-Q4,85.21,0.88,0.83,0.03,0.96,0.81,4.57
Marketing,2023-Q4,94.74,0.96,0.94,0.06,0.97,0.95,4.69
Sales,2023-Q4,81.04,0.98,0.86,0.03,0.88,0.82,4.86
IT,2023-Q4,75.62,0.98,0.97,0.09,1.0,0.93,4.51
Marketing,2023-Q4,78.31,0.75,0.79,0.1,0.86,0.96,3.94
Sales,2023-Q4,82.9,0.98,0.88,0.08,0.86,0.95,4.8
IT,2023-Q4,81.33,0.76,0.91,0.04,0.94,0.99,4.62
Marketing,2023-Q4,76.94,0.82,0.88,0.05,0.96,0.95,4.14
Sales,2023-Q4,83.65,0.88,0.97,0.03,0.99,0.94,4.57
IT,2023-Q4,81.76,0.87,1.0,0.09,0.91,0.85,4.8
Marketing,2023-Q4,77.45,0.9,0.78,0.09,0.85,0.98,4.96
Sales,2023-Q4,80.92,0.87,0.78,0.05,0.94,0.84,4.93
IT,2023-Q4,92.73,0.98,0.78,0.07,0.89,0.98,3.99
Marketing,2023-Q4,81.04,0.81,0.92,0.02,0.91,0.86,4.13
Sales,2023-Q4,89.28,0.82,0.84,0.05,0.92,0.83,3.66
IT,2023-Q4,87.24,0.98,0.93,0.07,0.86,0.97,3.87
Marketing,2023-Q4,83.54,0.77,0.85,0.04,0.92,0.8,4.82
Sales,2023-Q4,79.78,0.9,0.91,0.04,0.91,0.97,4.04
IT,2023-Q4,82.38,0.92,0.94,0.01,0.96,0.85,4.43
Marketing,2023-Q4,86.84,0.88,0.89,0.08,0.95,0.98,4.5
Sales,2023-Q4,82.02,0.92,0.88,0.09,0.88,0.94,4.67
IT,2023-Q4,79.3,0.79,0.77,0.1,0.88,0.93,3.77
Marketing,2023-Q4,77.33,0.96,0.85,0.07,0.89,0.87,3.96
Sales,2023-Q4,92.6,0.79,0.89,0.06,0.88,0.81,4.17
IT,2023-Q4,83.81,0.85,0.87,0.03,0.95,0.97,4.05
Marketing,2023-Q4,87.5,0.77,0.98,0.1,1.0,0.83,4.97
Sales,2023-Q4,84.81,0.89,0.98,0.06,0.95,0.87,4.75
IT,2023-Q4,92.45,0.92,0.96,0.07,0.94,0.92,4.22
Marketing,2023-Q4,85.94,0.99,0.84,0.07,0.91,0.9,4.82
Sales,2023-Q4,84.62,0.93,0.93,0.09,0.9,0.84,4.02
IT,2023-Q4,93.49,0.89,0.85,0.01,0.99,0.83,4.68
Marketing,2023-Q4,89.39,0.98,0.81,0.03,1.0,0.82,3.84
Sales,2023-Q4,77.23,0.87,0.84,0.07,0.92,0.97,4.66
IT,2023-Q4,78.55,0.89,0.77,0.09,0.89,0.81,4.18
Marketing,2023-Q4,90.74,0.9,0.83,0.07,0.97,1.0,3.66
Sales,2023-Q4,91.72,0.85,0.87,0.05,0.87,0.84,3.91
IT,2023-Q4,85.9,0.96,0.99,0.04,0.96,0.82,4.1
Marketing,2023-Q4,86.09,0.8,0.83,0.08,0.97,0.92,4.62
Sales,2023-Q4,87.64,0.89,0.98,0.08,0.87,0.82,3.61
IT,2023-Q4,83.78,0.93,0.81,0.06,1.0,0.92,4.49
Marketing,2023-Q4,88.6,0.98,0.8,0.04,1.0,0.97,4.57
Sales,2023-Q4,77.17,0.97,0.88,0.09,0.99,0.81,4.48
IT,2023-Q4,94.23,0.88,0.92,0.06,0.92,0.96,4.64
Marketing,2023-Q4,90.0,0.91,0.76,0.08,0.89,0.88,3.77
Sales,2023-Q4,87.62,0.85,0.81,0.03,0.94,0.83,4.38
IT,2023-Q4,81.33,0.87,0.86,0.04,0.91,0.84,4.91
Marketing,2023-Q4,78.22,0.98,0.83,0.09,0.88,0.98,4.42
Sales,2023-Q4,83.19,0.98,0.93,0.01,0.91,0.82,4.42
IT,2023-Q4,88.23,0.97,0.88,0.06,0.95,0.97,4.6
Marketing,2023-Q4,87.67,0.78,0.79,0.05,0.86,0.91,4.0
Sales,2023-Q4,82.65,0.96,0.97,0.08,0.9,0.81,4.55
IT,2023-Q4,87.27,0.99,0.82,0.04,0.85,0.89,4.87
Marketing,2023-Q4,91.27,0.84,0.93,0.03,0.96,0.96,3.52
Sales,2023-Q4,75.53,0.88,0.94,0.09,0.95,0.95,4.81
IT,2023-Q4,84.01,0.94,0.99,0.06,0.86,0.9,3.83
Marketing,2023-Q4,90.17,0.89,0.87,0.02,0.99,0.97,4.18
Sales,2023-Q4,85.92,1.0,0.9,0.03,0.85,0.82,4.78
IT,2023-Q4,88.03,0.86,0.83,0.1,0.94,0.98,4.74
Marketing,2023-Q4,85.33,0.93,0.92,0.03,0.97,0.97,4.84
Sales,2023-Q4,94.84,0.95,0.87,0.06,0.97,0.94,4.91
IT,2023-Q4,76.09,0.87,0.86,0.05,0.86,0.96,4.17
Marketing,2023-Q4,84.82,0.96,0.96,0.09,0.99,0.91,4.48
Sales,2023-Q4,76.83,0.89,0.76,0.08,0.99,0.94,4.09
IT,2023-Q4,78.2,0.85,0.97,0.06,0.93,0.91,4.03
Marketing,2023-Q4,82.66,0.78,0.96,0.01,0.92,0.87,4.15
Sales,2023-Q4,78.11,0.85,0.88,0.09,0.86,0.91,4.61
IT,2023-Q4,94.27,0.93,0.87,0.05,0.93,0.85,4.25
Marketing,2023-Q4,93.94,0.98,0.84,0.09,0.91,0.89,4.72
Sales,2023-Q4,81.72,0.81,1.0,0.05,0.97,0.86,4.62
IT,2023-Q4,87.79,0.84,0.78,0.07,0.91,0.82,3.53
Marketing,2023-Q4,85.68,0.79,0.9,0.02,0.95,0.86,4.45
Sales,2023-Q4,91.31,0.92,0.92,0.08,0.87,0.97,4.15
IT,2023-Q4,87.55,0.99,0.98,0.04,0.87,0.88,4.18
Marketing,2023-Q4,75.01,0.91,0.95,0.04,0.87,0.95,4.73
Sales,2023-Q4,90.26,0.9,0.91,0.02,0.86,0.84,4.32
IT,2023-Q4,89.94,0.89,0.78,0.02,0.93,0.88,4.83
Marketing,2023-Q4,85.19,0.77,0.84,0.03,0.97,0.82,4.57
Sales,2023-Q4,93.06,0.93,0.78,0.04,0.94,0.83,4.33
IT,2023-Q4,93.17,0.9,0.97,0.09,0.94,0.92,4.63
Marketing,2023-Q4,85.48,0.92,0.94,0.04,0.95,0.92,3.56
Sales,2023-Q4,87.16,0.97,0.94,0.08,0.9,0.84,3.54
IT,2023-Q4,94.93,0.95,0.91,0.02,0.9,0.89,3.63
Marketing,2023-Q4,80.98,0.95,0.88,0.06,0.9,0.97,4.16
Sales,2023-Q4,81.49,0.98,0.79,0.05,0.96,0.83,3.85
IT,2023-Q4,78.66,1.0,0.83,0.1,0.87,0.8,4.98
Marketing,2023-Q4,92.92,0.9,0.78,0.09,0.85,0.93,4.31
Sales,2023-Q4,89.89,0.78,0.93,0.05,0.94,0.81,4.49
IT,2023-Q4,77.11,0.86,0.79,0.08,0.99,1.0,3.92
Marketing,2023-Q4,94.64,0.95,0.93,0.03,0.94,0.92,3.98
Sales,2023-Q4,89.62,0.76,0.92,0.06,0.97,0.89,4.0
IT,2023-Q4,92.01,0.76,0.86,0.02,0.95,0.89,4.55
Marketing,2023-Q4,75.96,0.77,0.78,0.04,0.92,0.91,4.21
Sales,2023-Q4,85.1,0.93,0.83,0.03,0.96,0.82,4.28
IT,2023-Q4,88.97,0.88,0.83,0.07,0.97,0.99,4.39
Marketing,2023-Q4,85.86,0.84,0.93,0.05,0.88,0.93,4.65
Sales,2023-Q4,88.33,0.78,0.78,0.08,0.9,0.84,3.64
IT,2023-Q4,91.36,0.93,0.96,0.06,0.88,0.91,4.67
Marketing,2023-Q4,82.49,0.83,0.94,0.02,0.92,0.83,4.34
Sales,2023-Q4,91.97,0.82,0.8,0.08,0.98,0.8,4.5
IT,2023-Q4,78.26,0.91,0.93,0.08,0.9,0.93,3.99
Marketing,2023-Q4,80.42,0.89,0.92,0.09,0.91,0.93,4.11
Sales,2023-Q4,75.87,0.84,0.94,0.06,0.98,0.92,3.85
IT,2023-Q4,82.29,0.91,0.8,0.08,0.93,0.84,4.97
Marketing,2023-Q4,82.6,0.82,0.79,0.08,0.93,0.92,4.25
Sales,2023-Q4,91.11,0.95,0.81,0.02,0.98,0.81,4.99
IT,2023-Q4,88.06,0.81,0.84,0.02,0.92,0.92,4.23
Marketing,2023-Q4,83.73,0.79,0.95,0.02,0.95,0.91,3.83
Sales,2023-Q4,88.04,0.95,0.93,0.04,0.86,0.93,4.26
IT,2023-Q4,76.06,0.93,0.98,0.05,0.88,0.98,3.56
Marketing,2023-Q4,78.61,0.8,0.76,0.1,0.91,0.97,4.86
Sales,2023-Q4,87.54,0.78,0.75,0.05,0.92,1.0,4.73
IT,2023-Q4,87.83,0.96,0.92,0.08,0.99,1.0,4.59
Marketing,2023-Q4,90.48,0.94,0.82,0.07,1.0,0.95,4.41
Sales,2023-Q4,83.06,0.83,0.83,0.03,0.98,0.99,4.37
IT,2023-Q4,89.45,0.91,0.89,0.02,0.9,0.97,5.0
Marketing,2023-Q4,88.68,0.78,0.78,0.06,0.99,0.95,3.92
Sales,2023-Q4,94.27,0.88,0.91,0.07,0.95,0.82,4.67
IT,2023-Q4,79.3,0.75,0.83,0.1,0.91,0.81,4.37
Marketing,2023-Q4,86.03,0.85,0.91,0.04,0.96,0.97,4.96
Sales,2023-Q4,87.04,0.77,0.96,0.09,0.85,0.9,4.74
IT,2023-Q4,94.97,0.87,0.79,0.04,0.87,0.96,5.0
Marketing,2023-Q4,79.02,0.86,0.98,0.07,0.97,0.86,4.38
Sales,2023-Q4,85.46,0.86,0.88,0.06,0.95,0.88,3.81
IT,2023-Q4,81.92,0.76,0.98,0.01,0.9,0.94,4.26
Marketing,2023-Q4,85.52,0.84,0.8,0.02,0.93,0.98,4.57
Sales,2023-Q4,79.64,0.94,0.9,0.01,0.99,0.82,4.66
IT,2023-Q4,75.95,0.84,0.85,0.04,0.94,0.97,3.5
Marketing,2023-Q4,86.45,0.93,0.94,0.08,0.91,0.96,4.26
Sales,2023-Q4,81.72,0.84,0.9,0.03,0.87,0.86,3.85
IT,2023-Q4,78.64,0.86,0.87,0.06,0.89,0.87,4.81
Marketing,2023-Q4,81.48,0.89,0.98,0.04,1.0,0.81,3.73
Sales,2023-Q4,75.99,0.99,0.84,0.08,0.92,0.8,4.5
IT,2023-Q4,94.01,0.78,0.8,0.08,0.92,0.9,3.9
Marketing,2023-Q4,86.62,0.76,0.9,0.08,0.92,0.82,4.03
Sales,2023-Q4,91.3,0.9,0.91,0.06,0.98,0.84,4.91
IT,2023-Q4,83.46,0.99,0.86,0.04,0.94,0.97,3.86
Marketing,2023-Q4,93.07,1.0,0.87,0.08,0.95,0.91,3.64
Sales,2023-Q4,84.67,0.87,0.99,0.03,0.91,0.93,3.6
IT,2023-Q4,86.48,0.87,0.93,0.04,0.85,0.84,4.26
Marketing,2023-Q4,84.84,0.91,0.78,0.03,0.99,0.97,4.46
Sales,2023-Q4,89.67,0.89,0.8,0.07,0.99,0.97,3.99
IT,2023-Q4,86.33,0.91,0.99,0.07,0.99,0.9,4.54
Marketing,2023-Q4,80.43,0.97,0.93,0.07,0.99,0.98,3.59
Sales,2023-Q4,77.91,0.94,0.98,0.05,0.97,0.97,4.79
IT,2023-Q4,87.12,0.87,0.83,0.02,0.95,0.95,4.72
Marketing,2023-Q4,84.78,0.87,0.94,0.09,0.98,0.95,4.98
Sales,2023-Q4,76.92,0.91,0.93,0.06,0.94,0.82,4.9
IT,2023-Q4,82.91,0.86,0.82,0.05,0.87,0.85,4.03
Marketing,2023-Q4,85.3,0.86,0.89,0.06,0.91,0.81,4.1
Sales,2023-Q4,91.54,0.75,0.91,0.03,1.0,0.8,4.62
IT,2023-Q4,76.52,0.79,0.87,0.02,0.9,0.83,3.7
Marketing,2023-Q4,81.97,0.87,0.96,0.05,0.98,0.98,3.97
Sales,2023-Q4,91.45,0.96,0.96,0.03,0.86,0.85,3.68
IT,2023-Q4,87.97,0.82,0.96,0.03,0.9,0.99,4.18
Marketing,2023-Q4,80.8,0.88,0.95,0.09,0.9,0.92,4.33
Sales,2023-Q4,91.91,0.84,0.87,0.06,0.86,0.85,3.82
IT,2023-Q4,84.87,0.78,0.85,0.05,0.87,0.9,3.54
Marketing,2023-Q4,84.97,0.99,0.96,0.07,0.88,0.84,4.58
Sales,2023-Q4,94.53,0.96,0.87,0.1,0.98,1.0,3.53
IT,2023-Q4,93.94,0.77,0.81,0.02,0.86,0.97,4.96
Marketing,2023-Q4,82.17,0.93,0.88,0.09,0.89,0.81,3.83
Sales,2023-Q4,77.81,0.84,0.79,0.06,0.85,0.99,4.5
IT,2023-Q4,81.51,1.0,0.92,0.02,0.95,0.94,4.15
Marketing,2023-Q4,75.61,0.83,0.83,0.04,0.94,0.82,3.59
Sales,2023-Q4,75.42,0.81,0.82,0.05,0.95,0.93,4.21
IT,2023-Q4,82.91,0.89,0.99,0.07,0.91,0.93,4.28
Marketing,2023-Q4,93.82,0.96,0.94,0.03,0.88,0.84,4.78
Sales,2023-Q4,92.43,0.8,0.95,0.06,0.96,0.95,4.6
IT,2023-Q4,85.23,0.93,0.91,0.07,0.97,0.82,3.62
Marketing,2023-Q4,86.3,0.77,0.96,0.05,0.87,0.9,3.81
Sales,2023-Q4,75.12,0.98,0.94,0.09,0.92,0.8,3.97
