employee_id,period,normalized_performance_score,efficiency_ratio,productivity_index,attendance_score,training_completion_rate,goal_achievement_rate,overall_rating,risk_score,promotion_readiness
1001,2023-Q4,81.24,0.8,0.82,95.09,0.96,0.82,4.47,high,0.74
1002,2023-Q4,98.52,0.89,0.81,96.95,0.98,0.84,3.76,low,0.82
1003,2023-Q4,91.96,0.97,0.98,88.76,0.98,0.96,4.81,high,0.52
1004,2023-Q4,87.96,0.93,0.81,94.37,0.92,0.8,4.42,high,0.81
1005,2023-Q4,74.68,0.95,0.82,93.58,0.91,0.96,3.74,low,0.89
1006,2023-Q4,74.68,0.91,0.94,97.49,0.93,0.73,4.94,low,0.75
1007,2023-Q4,71.74,0.92,0.86,98.59,0.94,0.93,4.28,high,0.68
1008,2023-Q4,95.99,0.96,0.94,85.18,0.94,0.95,3.61,high,0.64
1009,2023-Q4,88.03,0.81,0.77,95.11,0.97,0.75,4.44,low,0.82
1010,2023-Q4,91.24,0.87,0.87,85.78,0.91,0.83,3.88,low,0.85
1011,2023-Q4,70.62,0.81,0.76,93.23,0.9,0.75,4.71,high,0.94
1012,2023-Q4,99.1,1.0,0.77,89.31,0.94,0.91,4.73,high,0.67
1013,2023-Q4,94.97,0.99,0.98,89.6,0.97,0.86,4.97,high,0.88
1014,2023-Q4,76.37,0.76,0.78,90.29,0.92,0.89,4.25,low,0.78
1015,2023-Q4,75.45,0.93,0.88,94.32,0.96,0.76,4.18,high,0.94
1016,2023-Q4,75.5,0.98,0.85,90.01,0.93,0.76,4.63,medium,0.76
1017,2023-Q4,79.13,0.8,0.84,95.99,0.99,0.71,3.7,low,0.76
1018,2023-Q4,85.74,0.89,0.97,91.07,0.99,0.8,4.32,high,0.79
1019,2023-Q4,82.96,0.98,0.76,86.03,0.93,0.87,4.32,low,0.87
1020,2023-Q4,78.74,0.76,0.92,96.76,0.92,0.96,3.63,medium,0.98
1021,2023-Q4,88.36,0.92,0.99,89.29,0.94,0.9,4.13,low,0.54
1022,2023-Q4,74.18,0.82,0.89,91.49,0.92,0.83,4.78,high,0.53
1023,2023-Q4,78.76,0.98,0.98,95.28,0.97,0.99,4.78,medium,0.97
1024,2023-Q4,80.99,0.99,0.76,89.99,0.98,0.92,3.65,medium,0.76
1025,2023-Q4,83.68,0.99,0.85,85.85,0.97,0.98,3.64,high,0.81
1026,2023-Q4,93.56,0.87,0.82,90.61,0.98,0.86,3.89,high,0.74
1027,2023-Q4,75.99,0.97,0.93,99.17,0.94,0.78,4.81,high,0.55
1028,2023-Q4,85.43,0.96,1.0,94.63,0.92,0.72,3.69,low,0.88
1029,2023-Q4,87.77,0.83,0.81,95.07,0.97,0.92,4.58,low,0.87
1030,2023-Q4,71.39,0.96,0.91,94.48,0.94,0.74,3.65,low,0.66
1031,2023-Q4,88.23,0.76,0.8,87.98,0.97,0.79,4.43,high,0.65
1032,2023-Q4,75.12,0.9,0.89,91.28,0.93,0.86,4.03,high,0.92
1033,2023-Q4,71.95,0.81,0.87,96.26,0.91,0.87,4.68,low,0.54
1034,2023-Q4,98.47,0.78,0.99,86.52,1.0,0.88,3.85,medium,0.94
1035,2023-Q4,98.97,0.77,0.9,89.17,0.92,0.75,4.46,low,0.63
1036,2023-Q4,94.25,0.92,0.84,89.14,1.0,0.81,3.85,medium,0.8
1037,2023-Q4,79.14,0.83,0.78,91.48,1.0,0.89,4.57,high,0.97
1038,2023-Q4,72.93,0.93,0.79,99.71,0.98,0.99,4.81,high,0.84
1039,2023-Q4,90.53,0.77,0.81,86.01,0.97,0.92,3.69,low,0.71
1040,2023-Q4,83.2,0.83,0.81,92.78,0.96,0.98,4.8,low,0.84
1041,2023-Q4,73.66,0.88,0.96,87.69,0.99,0.93,4.39,high,0.67
1042,2023-Q4,84.86,0.95,0.89,99.56,0.93,0.88,3.69,low,0.64
1043,2023-Q4,71.03,0.83,0.88,86.7,0.95,0.76,4.14,high,1.0
1044,2023-Q4,97.28,0.91,0.78,91.05,0.96,0.9,3.74,high,0.88
1045,2023-Q4,77.76,0.97,0.97,96.07,0.94,0.89,4.55,medium,0.82
1046,2023-Q4,89.88,0.9,0.93,95.57,0.94,0.88,4.64,low,0.68
1047,2023-Q4,79.35,0.81,0.77,91.34,0.93,0.85,3.66,high,0.52
1048,2023-Q4,85.6,0.76,0.93,90.2,0.96,0.86,4.26,low,0.52
1049,2023-Q4,86.4,0.97,0.89,90.96,0.99,0.8,4.72,medium,0.78
1050,2023-Q4,75.55,0.76,0.77,88.96,0.92,0.86,4.9,medium,0.88
1051,2023-Q4,99.09,0.97,0.86,88.08,0.99,0.76,4.27,low,0.77
1052,2023-Q4,93.25,0.88,0.87,92.25,0.97,0.94,4.93,low,0.92
1053,2023-Q4,98.18,0.98,0.79,89.03,0.98,0.76,4.3,high,0.52
1054,2023-Q4,96.84,0.95,0.99,89.31,0.96,0.73,4.09,medium,0.68
1055,2023-Q4,87.94,1.0,0.96,94.85,0.98,0.83,4.77,medium,0.62
1056,2023-Q4,97.66,0.84,0.92,99.53,0.9,0.9,4.24,medium,0.72
1057,2023-Q4,72.65,0.94,0.87,94.05,0.98,0.83,4.21,low,0.54
1058,2023-Q4,75.88,0.85,0.85,86.15,0.9,0.78,4.24,high,0.98
1059,2023-Q4,71.36,0.87,0.91,86.13,0.99,0.87,4.77,low,0.61
1060,2023-Q4,79.76,0.91,0.89,99.27,1.0,0.8,4.75,low,0.96
1061,2023-Q4,81.66,0.97,0.77,89.46,0.93,0.98,4.11,low,0.71
1062,2023-Q4,78.14,1.0,0.88,86.38,0.92,0.98,4.0,high,0.99
1063,2023-Q4,94.86,0.94,0.95,93.99,0.98,0.85,4.24,low,0.78
1064,2023-Q4,80.7,0.85,0.86,94.35,0.93,0.8,4.36,medium,0.97
1065,2023-Q4,78.43,0.86,0.76,94.73,0.99,0.92,3.86,medium,0.5
1066,2023-Q4,86.28,0.93,0.95,89.01,0.91,0.71,4.69,medium,0.87
1067,2023-Q4,74.23,0.81,0.8,85.23,0.91,0.84,4.23,high,0.95
1068,2023-Q4,94.07,0.78,0.81,99.48,1.0,0.8,4.0,low,0.57
1069,2023-Q4,72.24,0.84,0.79,88.76,0.97,0.98,3.66,high,0.55
1070,2023-Q4,99.61,0.82,0.83,95.14,0.98,0.7,3.86,low,0.71
1071,2023-Q4,93.17,0.82,0.94,95.6,0.93,0.87,4.92,medium,0.97
1072,2023-Q4,75.96,0.81,0.88,94.15,0.97,0.92,3.96,low,0.77
1073,2023-Q4,70.17,0.76,0.8,89.69,0.96,0.85,3.75,low,0.76
1074,2023-Q4,94.46,0.75,0.97,89.07,0.96,0.73,4.19,low,0.57
1075,2023-Q4,91.21,1.0,0.97,93.97,0.97,0.99,3.96,high,0.5
1076,2023-Q4,91.87,0.86,0.97,97.99,0.96,0.86,3.55,low,0.91
1077,2023-Q4,93.14,0.85,0.81,99.2,0.94,0.88,3.98,low,0.54
1078,2023-Q4,72.22,0.92,0.86,86.59,0.93,0.77,4.32,low,0.82
1079,2023-Q4,80.75,0.8,1.0,87.32,0.98,0.85,4.33,high,0.96
1080,2023-Q4,73.48,0.99,0.94,99.17,0.92,0.83,4.03,high,0.6
1081,2023-Q4,95.89,0.95,0.76,96.05,0.97,0.72,4.17,high,0.83
1082,2023-Q4,88.7,0.77,0.77,98.24,0.92,0.73,4.95,low,0.54
1083,2023-Q4,79.93,0.85,0.87,88.04,0.96,0.95,4.07,medium,0.8
1084,2023-Q4,71.91,0.97,0.98,93.81,0.97,0.77,3.89,medium,0.58
1085,2023-Q4,79.33,0.99,0.88,95.52,0.92,0.76,3.87,medium,0.87
1086,2023-Q4,79.76,0.87,0.87,95.2,0.91,0.85,4.19,low,0.65
1087,2023-Q4,91.89,0.9,0.78,91.12,0.91,0.93,4.64,medium,0.73
1088,2023-Q4,89.13,0.79,0.91,85.23,0.96,0.72,3.81,medium,0.8
1089,2023-Q4,96.62,1.0,0.96,93.74,0.98,0.87,4.56,medium,0.59
1090,2023-Q4,84.17,0.81,0.85,88.8,0.9,0.74,3.53,low,0.87
1091,2023-Q4,73.59,0.99,0.94,91.75,0.97,0.71,4.13,medium,0.65
1092,2023-Q4,91.4,0.91,0.99,99.36,0.93,0.72,4.66,medium,0.83
1093,2023-Q4,92.82,0.9,0.8,90.99,0.95,0.95,4.01,low,0.58
1094,2023-Q4,86.84,0.88,0.88,97.6,0.99,0.74,4.35,high,0.84
1095,2023-Q4,93.13,0.81,0.82,87.83,0.93,0.71,3.81,medium,0.56
1096,2023-Q4,84.81,0.79,0.95,95.09,0.95,0.83,4.61,high,0.71
1097,2023-Q4,85.68,0.81,0.89,99.66,0.9,0.95,3.58,medium,0.62
1098,2023-Q4,82.83,0.8,0.91,86.53,0.91,0.78,4.78,low,0.87
1099,2023-Q4,70.76,0.94,0.95,85.12,0.93,0.83,3.8,high,0.63
1100,2023-Q4,73.24,0.84,0.85,91.5,0.9,0.71,4.81,high,0.94
1101,2023-Q4,70.94,0.76,0.98,86.39,0.96,0.83,4.03,high,0.95
1102,2023-Q4,89.09,0.99,0.88,96.23,0.94,0.87,4.58,high,0.6
1103,2023-Q4,79.43,0.97,0.79,98.72,0.95,0.87,3.98,medium,0.81
1104,2023-Q4,85.26,0.98,0.92,91.51,0.92,0.8,4.86,medium,0.54
1105,2023-Q4,97.23,1.0,0.95,88.88,0.93,0.79,3.69,high,0.7
1106,2023-Q4,77.48,0.79,0.83,91.52,0.97,0.73,3.77,medium,0.86
1107,2023-Q4,82.31,0.85,0.96,95.85,1.0,0.81,4.24,high,0.83
1108,2023-Q4,92.67,0.94,0.98,85.14,0.91,0.73,3.62,high,0.81
1109,2023-Q4,76.86,0.92,0.82,93.84,0.99,0.93,3.79,low,0.64
1110,2023-Q4,72.31,0.79,1.0,94.2,0.96,0.99,4.92,high,0.69
1111,2023-Q4,78.69,0.95,0.79,94.57,0.96,0.99,4.96,medium,0.55
1112,2023-Q4,74.84,0.81,0.8,88.63,0.95,0.96,4.06,high,0.86
1113,2023-Q4,97.89,0.81,0.8,95.71,0.91,0.88,4.88,low,0.75
1114,2023-Q4,94.24,0.88,0.97,86.37,0.91,0.91,4.32,medium,0.85
1115,2023-Q4,89.0,0.9,0.91,87.99,0.96,0.79,3.9,low,0.62
1116,2023-Q4,96.14,0.9,0.79,98.16,0.93,0.89,4.55,low,0.66
1117,2023-Q4,94.11,0.77,0.86,96.08,0.99,0.84,4.49,high,0.67
1118,2023-Q4,75.6,0.97,0.9,85.21,0.94,0.84,4.98,low,0.51
1119,2023-Q4,96.78,0.82,0.77,88.73,0.91,0.93,3.9,low,0.67
1120,2023-Q4,86.18,0.78,0.97,88.22,0.97,0.78,4.51,medium,0.9
1121,2023-Q4,94.22,0.97,0.95,89.06,0.93,0.8,3.58,low,0.95
1122,2023-Q4,96.88,0.99,0.88,88.71,0.95,0.98,3.67,high,0.76
1123,2023-Q4,79.54,0.97,0.99,85.94,0.97,0.72,3.51,high,0.73
1124,2023-Q4,73.3,0.95,0.85,91.88,0.99,0.85,5.0,high,0.52
1125,2023-Q4,76.84,0.91,1.0,95.99,0.98,0.97,4.7,low,0.94
1126,2023-Q4,82.81,0.89,0.92,94.1,0.97,0.88,4.68,medium,0.51
1127,2023-Q4,94.54,0.77,0.91,95.09,0.97,0.86,4.26,high,0.97
1128,2023-Q4,95.82,0.85,0.79,86.22,0.99,0.77,3.95,low,0.74
1129,2023-Q4,70.21,0.84,0.97,99.27,0.93,0.8,3.73,high,0.67
1130,2023-Q4,85.32,0.81,0.86,97.58,0.9,0.96,3.93,high,0.96
1131,2023-Q4,82.52,0.93,0.79,97.08,0.93,0.87,4.06,medium,0.51
1132,2023-Q4,76.66,0.87,0.75,97.34,0.92,0.85,4.63,high,0.79
1133,2023-Q4,73.6,0.77,0.89,98.99,0.97,0.73,4.31,medium,0.77
1134,2023-Q4,80.13,0.81,0.88,93.16,0.96,0.7,3.62,low,0.61
1135,2023-Q4,98.29,0.92,0.93,88.0,0.96,0.99,3.53,high,0.71
1136,2023-Q4,79.7,0.77,0.97,94.25,0.9,0.81,3.65,low,0.83
1137,2023-Q4,85.56,0.96,0.77,96.14,0.97,0.88,4.12,low,0.86
1138,2023-Q4,91.09,0.87,0.93,96.07,0.93,0.72,4.9,low,0.5
1139,2023-Q4,80.91,0.87,0.8,92.82,0.97,0.9,4.46,high,0.97
1140,2023-Q4,99.15,0.9,0.96,86.03,0.96,0.98,4.7,medium,0.58
1141,2023-Q4,98.87,0.96,0.95,90.57,0.93,0.87,4.2,high,0.62
1142,2023-Q4,77.55,0.84,0.89,98.81,0.91,0.74,4.04,low,0.63
1143,2023-Q4,84.92,0.92,0.93,93.77,0.91,0.87,3.66,medium,0.52
1144,2023-Q4,79.03,0.89,0.83,93.07,0.98,0.93,4.81,low,0.56
1145,2023-Q4,78.55,0.82,0.87,89.03,0.99,0.82,4.67,medium,0.99
1146,2023-Q4,71.11,0.97,0.96,90.53,0.96,0.96,3.75,high,0.66
1147,2023-Q4,88.29,0.95,0.86,98.43,0.91,0.89,4.27,medium,0.56
1148,2023-Q4,85.08,0.91,0.84,95.0,0.94,0.97,4.23,high,0.55
1149,2023-Q4,71.54,0.96,0.87,96.81,0.97,0.89,4.44,low,0.86
1150,2023-Q4,78.36,0.97,0.96,91.82,0.98,0.74,4.92,medium,0.93
1151,2023-Q4,97.25,0.93,0.83,94.45,0.91,0.79,4.37,low,0.63
1152,2023-Q4,77.19,0.96,0.79,88.73,0.9,0.76,4.31,medium,0.51
1153,2023-Q4,74.35,0.92,0.93,95.58,0.97,0.97,3.58,high,0.61
1154,2023-Q4,84.68,0.92,0.96,91.41,0.94,0.93,3.59,medium,0.53
1155,2023-Q4,99.57,0.9,0.78,91.64,0.93,0.9,3.78,medium,0.55
1156,2023-Q4,77.26,0.94,0.81,94.74,0.9,0.79,3.55,high,0.72
1157,2023-Q4,90.16,0.79,0.79,99.04,0.95,0.76,4.62,high,0.61
1158,2023-Q4,92.85,0.97,0.84,85.96,0.99,0.93,4.58,high,0.76
1159,2023-Q4,77.13,0.97,0.86,97.37,1.0,0.84,3.7,medium,0.63
1160,2023-Q4,91.85,0.76,0.94,89.39,0.96,0.77,4.75,low,0.97
1161,2023-Q4,81.03,0.96,0.91,91.66,0.95,0.88,3.73,medium,0.95
1162,2023-Q4,88.97,0.78,0.91,85.33,0.91,0.71,3.95,medium,0.78
1163,2023-Q4,89.01,0.83,0.84,89.52,0.95,0.8,3.87,low,0.68
1164,2023-Q4,86.07,0.94,0.96,92.54,0.94,0.84,4.06,high,0.69
1165,2023-Q4,72.71,0.79,0.87,85.84,0.96,0.74,3.88,medium,0.71
1166,2023-Q4,95.06,0.95,0.99,92.37,0.94,1.0,4.23,low,0.86
1167,2023-Q4,79.62,0.96,0.91,98.91,0.92,0.76,4.11,high,0.73
1168,2023-Q4,75.6,0.88,0.78,86.58,0.91,0.74,4.98,high,0.93
1169,2023-Q4,71.22,0.75,0.92,96.47,0.93,0.76,3.58,medium,0.97
1170,2023-Q4,87.73,0.82,0.83,91.15,0.91,0.93,3.71,high,0.67
1171,2023-Q4,90.33,0.9,0.92,94.83,0.92,0.83,3.58,high,0.78
1172,2023-Q4,70.5,1.0,0.77,88.9,1.0,0.87,4.44,low,0.55
1173,2023-Q4,85.36,0.91,0.79,87.39,0.94,0.71,3.58,low,0.6
1174,2023-Q4,76.79,0.81,0.96,87.41,0.95,0.71,4.75,high,0.71
1175,2023-Q4,89.36,0.91,0.81,86.06,0.99,0.83,4.27,low,0.6
1176,2023-Q4,75.23,0.88,0.96,87.78,1.0,0.94,4.29,high,0.94
1177,2023-Q4,90.73,0.94,0.82,94.96,0.96,0.97,4.34,medium,0.58
1178,2023-Q4,81.6,0.78,0.91,98.23,0.98,0.73,3.76,low,0.73
1179,2023-Q4,98.1,0.94,0.92,97.21,0.93,0.86,3.8,high,0.8
1180,2023-Q4,74.13,0.89,0.88,95.28,0.93,0.97,3.98,high,0.85
1181,2023-Q4,80.23,0.99,0.83,86.66,0.94,0.82,4.39,low,0.69
1182,2023-Q4,73.4,0.84,0.8,89.34,0.97,0.95,3.82,low,0.93
1183,2023-Q4,97.74,0.91,0.76,89.65,0.97,0.74,3.67,medium,0.78
1184,2023-Q4,96.32,0.98,0.83,88.75,0.93,0.98,4.96,high,0.72
1185,2023-Q4,77.74,0.78,0.91,92.73,0.91,0.93,3.53,medium,0.53
1186,2023-Q4,89.8,0.98,0.98,93.03,0.96,0.98,4.7,medium,0.73
1187,2023-Q4,94.52,0.92,0.97,90.35,0.91,0.9,4.68,medium,0.91
1188,2023-Q4,86.66,0.77,0.94,90.31,0.96,0.81,3.95,low,0.81
1189,2023-Q4,85.89,0.83,0.95,97.43,0.97,0.98,3.7,medium,0.92
1190,2023-Q4,77.26,0.93,0.92,96.84,0.97,0.78,3.72,low,0.75
1191,2023-Q4,72.79,0.77,0.82,89.62,0.98,0.8,4.55,low,0.56
1192,2023-Q4,96.92,0.9,0.98,98.71,0.99,0.91,4.46,medium,0.51
1193,2023-Q4,97.01,0.84,0.92,99.29,0.95,0.93,4.67,medium,0.65
1194,2023-Q4,88.99,0.91,0.89,89.9,0.97,0.98,4.91,high,0.85
1195,2023-Q4,80.17,0.76,0.78,90.32,0.96,0.76,4.54,medium,0.9
1196,2023-Q4,80.48,0.97,0.86,92.58,0.92,0.94,3.73,high,0.65
1197,2023-Q4,91.78,0.99,0.87,99.12,0.9,0.92,3.87,medium,0.75
1198,2023-Q4,96.91,0.99,0.97,98.14,0.93,0.72,4.76,medium,0.71
1199,2023-Q4,96.61,0.94,0.89,86.54,0.94,0.82,3.81,medium,0.71
1200,2023-Q4,93.4,0.78,0.85,90.89,0.96,0.78,3.61,medium,0.62
1201,2023-Q4,89.26,0.94,0.99,93.3,0.98,0.79,4.55,high,0.57
1202,2023-Q4,72.52,0.76,0.78,92.55,0.92,0.99,4.1,high,0.6
1203,2023-Q4,74.85,0.76,0.86,87.91,0.91,0.89,4.88,medium,0.53
1204,2023-Q4,96.96,0.83,0.76,97.88,1.0,0.92,4.48,medium,0.6
1205,2023-Q4,88.19,0.87,0.93,95.15,0.91,0.99,3.64,high,0.5
1206,2023-Q4,70.28,0.94,0.98,97.57,0.95,0.81,4.92,low,0.81
1207,2023-Q4,73.04,0.92,0.82,97.88,0.96,0.94,3.89,low,0.66
1208,2023-Q4,89.91,0.86,0.96,96.23,0.95,0.83,4.01,low,0.99
1209,2023-Q4,70.15,0.82,0.82,91.59,0.91,0.96,4.1,high,0.6
1210,2023-Q4,74.82,1.0,0.98,94.16,0.91,0.75,3.58,high,0.67
1211,2023-Q4,86.46,0.86,0.94,87.41,0.91,0.98,4.24,low,0.68
1212,2023-Q4,90.76,0.86,0.95,95.1,0.96,0.77,3.68,low,0.5
1213,2023-Q4,89.56,0.79,0.75,87.69,0.95,0.8,4.1,medium,0.92
1214,2023-Q4,76.73,0.95,0.99,95.41,0.92,0.93,4.03,high,0.52
1215,2023-Q4,91.37,0.92,0.93,88.44,0.96,0.82,4.66,high,0.97
1216,2023-Q4,77.12,0.81,0.83,86.76,0.98,0.88,4.7,low,0.95
1217,2023-Q4,79.76,0.77,0.96,87.48,0.9,0.83,3.73,low,0.77
1218,2023-Q4,92.39,0.92,0.82,85.03,0.95,0.92,4.05,high,0.77
1219,2023-Q4,89.49,0.91,0.97,95.78,0.97,0.77,4.06,medium,0.83
1220,2023-Q4,95.48,0.82,0.78,95.99,0.93,0.72,3.73,low,0.69
1221,2023-Q4,89.73,0.99,0.93,92.72,0.93,0.79,4.7,high,0.82
1222,2023-Q4,87.05,0.79,0.89,87.42,0.96,0.84,4.56,high,0.52
1223,2023-Q4,72.81,0.86,0.77,86.25,0.99,0.75,3.79,medium,0.53
1224,2023-Q4,81.03,0.99,0.81,85.29,0.98,0.81,4.05,medium,0.73
1225,2023-Q4,77.96,0.85,0.75,87.49,0.96,0.82,3.66,low,0.77
1226,2023-Q4,77.32,0.91,0.87,98.36,0.97,0.72,4.44,low,0.94
1227,2023-Q4,99.19,0.85,0.83,88.62,0.94,0.87,3.68,low,0.55
1228,2023-Q4,81.79,0.82,0.9,90.31,0.96,0.97,4.98,high,0.91
1229,2023-Q4,96.76,1.0,0.82,86.58,0.95,0.75,4.67,low,0.61
1230,2023-Q4,88.93,0.85,0.82,88.34,0.92,0.88,4.09,high,0.7
1231,2023-Q4,93.84,0.97,0.94,92.79,0.97,0.9,4.37,low,0.66
1232,2023-Q4,85.08,0.81,0.76,94.12,0.96,0.83,4.87,medium,0.7
1233,2023-Q4,87.31,0.8,0.98,88.68,0.94,0.91,4.33,medium,0.58
1234,2023-Q4,84.78,0.76,0.96,85.87,0.99,0.82,3.76,high,0.75
1235,2023-Q4,75.86,0.91,0.92,90.87,0.9,0.85,4.07,medium,0.9
1236,2023-Q4,91.67,0.84,0.9,88.51,0.93,0.7,4.76,high,0.72
1237,2023-Q4,78.42,0.97,0.97,88.29,0.91,0.91,4.47,high,0.75
1238,2023-Q4,70.73,0.87,0.8,99.4,0.98,0.9,4.48,medium,0.92
1239,2023-Q4,89.36,0.99,0.77,94.24,0.97,0.71,4.8,high,0.85
1240,2023-Q4,75.31,0.8,0.81,93.35,0.93,0.81,4.84,medium,0.75
1241,2023-Q4,98.21,0.97,0.95,91.24,0.97,0.99,4.88,low,0.63
1242,2023-Q4,98.62,0.94,0.76,91.43,0.94,0.83,3.64,low,0.94
1243,2023-Q4,97.45,0.94,0.9,93.11,0.98,0.85,4.32,medium,0.79
1244,2023-Q4,81.1,0.96,1.0,95.45,0.95,0.97,4.61,medium,0.61
1245,2023-Q4,70.46,0.94,0.96,95.53,0.94,0.92,4.64,medium,0.63
1246,2023-Q4,97.85,0.91,0.88,87.58,0.99,0.87,4.41,medium,0.9
1247,2023-Q4,82.85,0.78,0.77,92.5,0.93,0.94,3.75,low,0.52
1248,2023-Q4,99.0,0.76,0.96,91.18,0.91,0.96,4.7,high,1.0
1249,2023-Q4,98.91,0.98,0.9,98.06,0.96,0.84,4.58,high,0.57
1250,2023-Q4,95.59,0.9,0.78,94.47,1.0,0.84,3.63,low,0.9
1251,2023-Q4,78.83,0.95,0.77,92.99,0.94,0.82,4.2,high,0.7
1252,2023-Q4,81.55,0.87,0.98,86.73,0.91,0.99,3.76,low,0.75
1253,2023-Q4,95.53,0.78,0.92,94.08,0.93,0.91,4.01,high,0.94
1254,2023-Q4,79.51,0.78,0.96,86.76,0.95,0.72,3.53,medium,0.71
1255,2023-Q4,75.08,0.92,0.97,90.06,0.92,0.96,4.1,medium,0.77
1256,2023-Q4,86.7,0.86,0.89,87.14,0.97,0.84,4.32,medium,0.52
1257,2023-Q4,98.08,0.8,0.88,95.38,1.0,0.72,4.43,low,0.5
1258,2023-Q4,90.88,0.87,0.86,88.09,0.95,0.86,4.5,low,0.62
1259,2023-Q4,87.1,0.77,0.83,90.88,0.94,0.83,4.75,high,0.84
1260,2023-Q4,72.92,0.9,0.86,98.44,0.94,0.96,3.82,high,0.56
1261,2023-Q4,88.45,0.82,0.94,88.06,0.91,0.76,3.68,high,0.56
1262,2023-Q4,99.7,0.95,0.9,92.62,0.99,0.95,4.78,low,0.71
1263,2023-Q4,74.2,0.83,0.97,91.29,0.94,0.87,3.73,high,0.82
1264,2023-Q4,85.55,0.86,0.86,85.27,0.94,0.72,4.96,medium,0.86
1265,2023-Q4,96.32,0.75,0.9,96.89,0.97,0.99,4.76,high,0.59
1266,2023-Q4,92.22,0.77,0.91,86.04,0.94,0.85,4.25,medium,0.54
1267,2023-Q4,90.91,0.85,0.9,92.11,0.96,0.79,4.97,low,0.97
1268,2023-Q4,91.07,0.87,0.93,93.41,0.91,0.84,3.65,medium,0.63
1269,2023-Q4,80.78,0.9,0.81,94.43,0.98,0.96,3.95,medium,0.93
1270,2023-Q4,78.81,0.82,0.88,95.33,0.99,0.79,4.46,medium,0.93
1271,2023-Q4,94.28,0.92,0.78,88.8,0.96,0.76,4.03,low,0.89
1272,2023-Q4,94.3,0.97,0.85,85.15,1.0,0.74,4.89,low,0.58
1273,2023-Q4,96.01,0.94,0.87,95.85,0.92,0.79,3.6,low,0.91
1274,2023-Q4,97.4,0.76,0.91,93.03,0.95,0.93,4.32,low,0.88
1275,2023-Q4,85.34,0.87,0.99,97.54,0.96,0.84,4.39,high,0.8
1276,2023-Q4,85.05,0.78,0.9,97.32,0.96,0.77,4.48,low,0.67
1277,2023-Q4,93.95,0.81,0.94,97.65,0.94,0.75,3.88,medium,0.63
1278,2023-Q4,89.5,1.0,0.88,92.28,0.93,0.8,4.05,low,0.56
1279,2023-Q4,91.06,0.79,0.91,90.0,0.91,0.98,4.77,high,0.75
1280,2023-Q4,93.87,0.87,0.77,96.87,0.94,0.8,3.79,high,0.79
1281,2023-Q4,96.7,0.9,0.81,91.77,0.92,1.0,4.74,high,0.68
1282,2023-Q4,80.14,0.93,0.84,87.75,0.97,0.85,4.34,medium,0.74
1283,2023-Q4,81.27,0.89,0.87,97.82,0.92,0.75,4.64,low,0.68
1284,2023-Q4,72.82,0.75,0.76,98.24,0.91,0.97,4.57,low,0.82
1285,2023-Q4,87.35,0.83,0.79,91.99,0.96,0.84,3.81,low,0.95
1286,2023-Q4,71.08,0.88,0.82,86.14,0.96,0.91,4.35,medium,0.58
1287,2023-Q4,83.97,0.77,0.99,90.82,0.99,1.0,4.8,medium,0.69
1288,2023-Q4,86.28,0.84,0.83,97.05,0.96,0.72,4.15,high,0.57
1289,2023-Q4,78.6,0.76,0.87,98.53,0.93,0.73,4.95,high,0.81
1290,2023-Q4,87.72,0.77,0.8,88.05,0.98,0.92,4.18,low,0.86
1291,2023-Q4,70.92,0.85,0.9,86.0,0.95,0.78,3.71,medium,0.97
1292,2023-Q4,71.12,0.78,0.82,98.16,0.91,0.76,4.08,medium,0.64
1293,2023-Q4,94.68,0.89,0.8,90.84,0.96,0.71,4.93,low,0.98
1294,2023-Q4,80.81,0.92,0.88,93.13,0.99,0.71,3.98,low,0.53
1295,2023-Q4,73.81,0.95,0.75,99.52,0.94,0.93,4.8,high,0.8
1296,2023-Q4,85.67,0.8,0.75,86.0,0.93,0.74,4.82,high,0.53
1297,2023-Q4,93.1,0.79,0.8,94.72,0.91,0.84,4.03,high,0.95
1298,2023-Q4,76.47,0.78,0.76,86.11,0.92,0.88,3.62,low,0.76
1299,2023-Q4,88.69,0.91,0.78,90.63,0.94,0.83,4.59,low,0.83
1300,2023-Q4,72.56,0.93,0.83,97.06,0.96,0.71,3.97,high,0.92
1301,2023-Q4,71.55,0.76,0.95,91.5,0.91,0.94,4.67,high,0.58
1302,2023-Q4,85.94,0.98,0.89,99.96,0.99,0.7,4.16,medium,0.52
1303,2023-Q4,86.22,0.76,0.88,93.39,0.98,0.93,4.23,medium,0.94
1304,2023-Q4,89.12,0.89,0.82,89.82,0.96,0.97,4.67,high,0.66
1305,2023-Q4,91.78,0.93,0.98,88.3,0.98,0.83,4.07,high,0.56
1306,2023-Q4,99.28,0.97,0.85,90.26,0.91,0.86,4.16,medium,0.73
1307,2023-Q4,85.49,0.93,0.77,90.59,0.95,0.84,4.06,high,0.8
1308,2023-Q4,79.69,0.95,0.9,86.03,0.96,0.82,4.05,medium,0.52
1309,2023-Q4,93.86,0.83,0.78,90.54,0.98,0.97,4.29,medium,0.64
1310,2023-Q4,78.12,0.95,0.84,91.96,0.98,0.97,4.71,medium,0.52
1311,2023-Q4,83.17,0.77,0.88,95.84,0.93,0.8,4.04,low,0.71
1312,2023-Q4,72.35,0.97,0.97,94.85,0.99,0.88,4.29,low,0.95
1313,2023-Q4,70.76,0.89,0.87,95.63,0.91,0.98,4.51,high,0.99
1314,2023-Q4,98.88,0.95,0.93,85.13,0.99,0.99,3.9,medium,0.82
1315,2023-Q4,95.08,0.86,1.0,88.27,1.0,0.85,3.92,low,0.58
1316,2023-Q4,90.88,0.91,0.78,94.93,0.92,0.84,4.9,high,0.95
1317,2023-Q4,82.27,0.88,0.82,92.26,0.97,0.78,4.59,high,0.76
1318,2023-Q4,75.2,0.93,0.85,85.08,0.9,0.99,4.37,high,0.58
1319,2023-Q4,74.69,0.77,0.86,97.07,0.94,0.74,4.47,high,0.96
1320,2023-Q4,77.51,0.77,0.85,96.59,0.95,0.87,3.54,high,0.88
1321,2023-Q4,86.48,0.81,0.98,93.23,0.96,0.78,4.43,medium,0.87
1322,2023-Q4,91.44,0.79,0.93,86.0,0.99,0.78,4.26,high,0.85
1323,2023-Q4,89.81,0.97,0.9,96.5,0.97,0.82,4.32,medium,0.6
1324,2023-Q4,78.4,0.8,0.83,93.76,0.95,1.0,4.04,low,0.61
1325,2023-Q4,98.65,0.99,0.96,96.73,0.98,0.72,3.62,high,0.84
1326,2023-Q4,92.14,0.83,0.99,96.28,1.0,0.87,3.79,low,0.61
1327,2023-Q4,86.63,0.8,0.96,97.05,0.9,0.72,4.93,medium,0.72
1328,2023-Q4,88.35,0.95,0.75,92.77,1.0,0.75,4.11,medium,0.89
1329,2023-Q4,82.59,0.91,0.91,87.1,0.91,0.83,4.2,low,0.89
1330,2023-Q4,77.43,0.87,0.76,95.07,0.98,0.85,3.58,high,0.73
1331,2023-Q4,80.68,0.89,0.81,94.31,0.93,0.78,3.56,high,0.9
1332,2023-Q4,92.74,0.93,0.76,96.13,0.91,0.79,4.58,low,0.92
1333,2023-Q4,70.43,0.81,0.9,87.55,0.94,0.73,4.31,low,0.83
1334,2023-Q4,73.48,1.0,0.92,87.92,0.96,0.79,4.26,low,0.61
1335,2023-Q4,71.38,0.99,0.78,98.36,0.94,0.99,3.86,high,0.64
1336,2023-Q4,71.22,0.91,0.85,96.25,0.91,0.98,4.62,high,0.66
1337,2023-Q4,95.66,0.8,0.86,98.62,0.96,0.8,3.75,high,0.56
1338,2023-Q4,91.11,0.92,0.84,96.38,0.99,0.87,3.78,low,0.64
1339,2023-Q4,84.23,0.77,0.78,93.96,0.94,0.97,4.19,high,0.6
1340,2023-Q4,72.94,0.76,0.85,94.81,0.92,0.7,3.93,medium,0.73
1341,2023-Q4,84.75,0.81,0.94,98.34,0.94,0.94,3.87,low,0.95
1342,2023-Q4,84.2,0.87,0.77,93.68,0.9,0.98,4.47,high,0.55
1343,2023-Q4,75.2,0.97,0.77,94.49,0.98,0.73,4.48,low,0.86
1344,2023-Q4,83.02,0.93,0.84,87.35,0.98,0.75,4.74,medium,0.84
1345,2023-Q4,81.96,0.94,0.99,92.11,0.96,0.99,4.13,medium,0.55
1346,2023-Q4,88.48,0.86,0.92,95.75,0.94,0.86,3.61,low,0.96
1347,2023-Q4,89.05,0.84,0.92,89.06,0.98,0.7,3.91,low,0.78
1348,2023-Q4,71.36,0.84,0.84,88.03,0.96,0.78,4.97,medium,0.68
1349,2023-Q4,81.24,1.0,0.9,89.71,0.98,0.83,4.39,low,0.88
1350,2023-Q4,88.78,0.76,0.75,88.62,0.96,0.91,4.56,medium,0.63
1351,2023-Q4,85.09,0.97,0.91,88.22,0.98,0.92,3.51,medium,0.85
1352,2023-Q4,95.69,0.89,0.98,91.37,0.96,1.0,4.28,high,0.52
1353,2023-Q4,89.76,0.86,0.9,98.62,0.94,0.79,3.56,low,0.92
1354,2023-Q4,74.89,0.93,0.97,92.61,1.0,0.86,4.35,low,0.72
1355,2023-Q4,72.12,0.87,0.93,87.82,0.95,0.86,4.88,high,0.82
1356,2023-Q4,89.27,0.97,0.78,86.15,0.96,0.82,4.95,medium,0.61
1357,2023-Q4,70.8,0.98,0.98,95.44,0.92,0.75,4.31,low,0.84
1358,2023-Q4,87.57,0.86,0.77,90.74,0.96,0.99,4.19,high,0.89
1359,2023-Q4,98.21,0.82,0.88,97.33,0.96,0.96,4.92,high,0.74
1360,2023-Q4,87.26,0.9,0.79,94.89,0.92,0.85,4.51,low,0.81
1361,2023-Q4,81.65,0.98,0.75,96.94,0.91,0.88,3.6,high,0.73
1362,2023-Q4,89.3,0.8,0.86,89.08,0.96,0.77,4.2,medium,0.95
1363,2023-Q4,83.75,0.91,0.82,95.39,0.98,0.86,3.86,high,0.75
1364,2023-Q4,86.37,0.91,0.87,88.96,0.95,0.91,4.2,medium,0.92
1365,2023-Q4,98.24,0.93,0.89,99.09,0.92,0.85,4.18,medium,0.9
1366,2023-Q4,81.58,0.78,0.76,94.55,0.97,1.0,4.37,low,0.71
1367,2023-Q4,98.84,0.93,0.78,89.87,0.91,0.88,4.04,high,0.62
1368,2023-Q4,97.16,0.98,0.89,89.04,0.94,0.81,3.75,medium,0.7
1369,2023-Q4,75.87,0.79,0.84,87.86,0.92,0.93,4.26,medium,0.91
1370,2023-Q4,72.08,0.81,0.93,95.42,0.92,0.75,4.75,high,0.61
1371,2023-Q4,73.02,0.99,0.91,88.28,0.92,0.82,4.5,medium,0.76
1372,2023-Q4,70.55,0.8,0.96,93.93,0.94,0.8,4.01,high,0.9
1373,2023-Q4,72.83,0.96,0.92,88.97,0.91,0.83,4.9,low,0.68
1374,2023-Q4,90.49,0.87,0.86,94.93,0.94,0.93,4.87,medium,0.82
1375,2023-Q4,72.14,0.81,0.92,97.22,0.95,0.85,3.81,medium,0.62
1376,2023-Q4,79.57,0.97,0.82,96.67,0.95,0.94,3.56,high,0.55
1377,2023-Q4,95.35,0.86,0.83,96.41,0.94,0.87,4.61,high,0.9
1378,2023-Q4,70.7,0.88,0.95,87.82,0.98,0.8,4.74,high,0.55
1379,2023-Q4,94.43,0.84,0.86,86.33,0.91,0.94,4.95,high,0.64
1380,2023-Q4,78.46,0.9,0.95,95.48,0.95,0.77,4.83,medium,0.93
1381,2023-Q4,73.54,0.79,0.96,90.53,0.91,0.77,4.4,low,0.67
1382,2023-Q4,90.9,0.85,0.96,91.49,0.91,0.85,4.3,low,0.99
1383,2023-Q4,88.87,0.99,0.98,85.47,0.96,0.78,3.54,low,0.99
1384,2023-Q4,96.32,0.81,0.86,88.89,0.96,0.7,3.87,low,0.63
1385,2023-Q4,92.05,0.91,0.83,85.51,0.99,0.89,4.19,high,0.52
1386,2023-Q4,94.1,0.83,0.9,98.19,0.96,0.85,4.44,medium,0.85
1387,2023-Q4,78.46,0.94,0.84,88.65,1.0,0.83,4.34,medium,0.73
1388,2023-Q4,75.32,0.78,0.9,93.36,0.9,0.99,4.61,medium,0.55
1389,2023-Q4,92.52,0.99,0.93,85.58,0.91,0.87,3.92,high,0.85
1390,2023-Q4,94.21,0.86,0.92,95.0,0.9,0.96,4.35,medium,0.52
1391,2023-Q4,99.72,0.81,0.84,89.85,0.92,0.74,3.63,high,0.94
1392,2023-Q4,82.38,0.77,0.79,98.47,0.95,0.87,4.12,medium,0.57
1393,2023-Q4,81.16,0.79,0.86,98.32,0.96,0.96,4.63,low,0.56
1394,2023-Q4,93.29,0.88,0.79,89.88,0.9,0.87,4.54,high,0.59
1395,2023-Q4,80.22,0.83,0.97,98.51,0.99,0.92,4.99,medium,0.98
1396,2023-Q4,97.92,0.96,0.84,99.94,0.98,0.81,3.92,low,0.85
1397,2023-Q4,95.75,0.86,0.79,97.38,0.93,0.73,4.25,low,0.9
1398,2023-Q4,82.87,0.81,0.76,97.67,0.91,0.84,3.99,low,0.7
1399,2023-Q4,92.53,0.9,0.91,88.74,0.92,0.82,4.16,high,0.67
1400,2023-Q4,92.64,0.93,0.91,93.65,0.91,0.96,4.79,high,0.62
1401,2023-Q4,73.09,0.79,0.84,86.01,0.91,0.77,4.53,medium,0.74
1402,2023-Q4,97.08,0.79,0.77,86.42,0.95,0.99,4.82,low,0.78
1403,2023-Q4,85.16,0.76,0.85,99.98,0.92,0.99,3.81,medium,0.82
1404,2023-Q4,94.79,0.93,0.83,89.9,0.94,0.77,4.81,medium,0.63
1405,2023-Q4,79.6,0.92,0.92,96.22,1.0,0.8,3.59,low,0.97
1406,2023-Q4,96.87,0.87,0.9,97.1,0.97,0.97,4.83,medium,0.58
1407,2023-Q4,81.68,0.96,0.84,97.87,0.99,0.99,3.99,high,0.98
1408,2023-Q4,70.33,0.95,0.8,99.96,0.91,0.83,3.97,medium,0.51
1409,2023-Q4,97.16,0.9,1.0,88.62,0.94,0.8,4.27,low,0.74
1410,2023-Q4,72.74,0.97,0.86,85.61,0.96,0.86,4.91,high,0.67
1411,2023-Q4,79.58,0.8,0.92,91.17,0.91,0.91,3.57,high,0.72
1412,2023-Q4,98.5,0.78,0.79,86.95,0.9,0.78,4.03,medium,0.79
1413,2023-Q4,98.52,0.82,0.87,85.34,0.97,0.92,4.78,medium,0.72
1414,2023-Q4,87.2,0.76,0.76,90.41,0.96,0.72,4.09,high,0.71
1415,2023-Q4,88.96,0.88,0.88,96.76,0.94,0.71,3.8,medium,0.87
1416,2023-Q4,83.45,0.98,0.99,93.49,0.95,0.82,4.14,low,0.84
1417,2023-Q4,78.8,0.76,0.85,89.69,0.94,0.81,4.08,medium,0.92
1418,2023-Q4,79.86,0.78,0.76,94.82,0.9,0.79,4.87,medium,0.62
1419,2023-Q4,90.18,0.86,0.76,88.48,0.93,0.85,4.64,high,0.8
1420,2023-Q4,92.57,0.98,0.85,85.22,0.92,0.8,4.26,medium,0.79
1421,2023-Q4,93.75,0.83,0.79,96.47,0.91,0.76,4.98,medium,0.68
1422,2023-Q4,93.69,0.88,0.76,94.36,1.0,0.79,4.2,medium,0.74
1423,2023-Q4,72.74,0.76,0.94,96.43,0.96,0.99,3.59,low,0.66
1424,2023-Q4,84.83,0.79,0.86,85.58,0.97,0.82,3.89,medium,0.57
1425,2023-Q4,71.73,1.0,0.82,97.56,0.93,0.83,4.15,low,0.61
1426,2023-Q4,86.49,0.99,0.98,94.29,0.94,0.87,3.74,low,0.55
1427,2023-Q4,83.25,0.75,0.78,93.45,0.92,1.0,4.92,low,0.84
1428,2023-Q4,96.63,0.99,0.99,94.37,0.91,0.77,4.65,low,0.83
1429,2023-Q4,80.53,0.91,0.83,97.97,0.92,0.9,3.9,high,0.98
1430,2023-Q4,73.51,0.97,0.97,93.8,0.98,0.91,4.39,low,0.86
1431,2023-Q4,74.29,0.86,0.9,93.71,0.97,0.88,4.58,medium,0.53
1432,2023-Q4,92.85,0.88,0.96,99.86,0.95,0.73,4.91,low,0.94
1433,2023-Q4,88.55,0.87,1.0,96.35,0.95,0.9,4.82,medium,0.93
1434,2023-Q4,73.03,0.92,0.82,91.63,0.99,0.72,4.27,low,0.72
1435,2023-Q4,72.52,0.78,0.99,95.61,0.91,0.88,4.66,high,0.79
1436,2023-Q4,91.03,0.76,0.85,90.84,0.93,0.92,4.34,low,0.99
1437,2023-Q4,72.18,0.83,0.85,88.43,0.93,0.76,4.33,low,0.77
1438,2023-Q4,94.66,0.93,0.84,93.95,0.98,0.95,3.67,high,0.95
1439,2023-Q4,91.19,0.8,0.89,98.92,1.0,0.71,3.69,low,0.54
1440,2023-Q4,72.44,0.92,0.79,98.94,0.92,0.95,4.29,medium,0.6
1441,2023-Q4,72.55,0.99,0.89,90.13,0.99,0.84,3.9,low,0.72
1442,2023-Q4,99.6,0.77,0.89,92.92,0.98,0.77,3.53,low,0.79
1443,2023-Q4,81.23,0.92,0.94,88.17,0.92,0.74,4.58,low,0.91
1444,2023-Q4,81.12,0.86,0.96,99.93,0.94,0.99,3.55,high,0.99
1445,2023-Q4,94.38,0.97,0.86,99.72,0.94,0.72,4.39,low,0.69
1446,2023-Q4,98.42,0.79,0.83,94.74,1.0,0.76,4.31,low,0.52
1447,2023-Q4,99.58,0.92,0.81,97.07,0.92,0.8,4.95,medium,0.9
1448,2023-Q4,92.6,0.96,0.8,95.73,0.98,0.89,4.23,low,0.8
1449,2023-Q4,81.29,0.99,0.76,93.9,0.93,0.86,3.6,low,0.6
1450,2023-Q4,72.51,0.92,0.84,85.8,0.97,0.74,4.33,low,0.75
1451,2023-Q4,93.31,0.87,0.82,91.82,0.94,0.79,4.76,low,0.87
1452,2023-Q4,86.75,0.9,0.99,95.12,0.96,0.77,5.0,medium,0.89
1453,2023-Q4,82.73,0.97,0.89,95.16,0.98,0.76,4.15,medium,0.75
1454,2023-Q4,97.19,0.89,0.84,90.6,0.98,0.82,3.98,high,0.65
1455,2023-Q4,73.34,0.76,0.9,99.13,0.99,0.91,4.86,low,0.99
1456,2023-Q4,84.78,0.98,0.78,87.51,0.91,0.77,3.79,high,0.83
1457,2023-Q4,70.34,0.92,0.86,92.51,0.97,0.81,4.42,high,0.7
1458,2023-Q4,84.06,0.92,0.91,95.36,0.91,0.82,4.11,low,0.64
1459,2023-Q4,71.69,0.8,0.87,95.46,0.94,0.99,3.56,medium,0.87
1460,2023-Q4,73.56,0.91,0.85,94.73,0.95,0.99,4.02,medium,0.62
1461,2023-Q4,73.53,0.85,1.0,89.13,0.94,0.94,3.9,low,0.59
1462,2023-Q4,89.48,0.91,0.97,87.34,0.95,0.77,4.53,low,0.76
1463,2023-Q4,92.38,0.78,0.91,94.54,1.0,0.72,4.92,medium,0.64
1464,2023-Q4,87.5,0.91,0.89,93.99,0.91,0.8,3.9,low,0.81
1465,2023-Q4,98.87,1.0,0.91,87.69,0.97,0.78,4.72,low,0.56
1466,2023-Q4,81.25,0.76,0.8,95.58,0.94,0.85,3.58,low,0.83
1467,2023-Q4,78.57,0.99,0.85,91.83,0.91,0.93,4.31,medium,0.64
1468,2023-Q4,96.06,0.85,0.76,95.02,0.92,0.96,3.61,high,0.5
1469,2023-Q4,76.71,0.97,0.87,97.56,0.99,0.95,4.9,high,0.56
1470,2023-Q4,98.9,0.95,0.89,87.55,0.99,0.81,4.65,low,0.97
1471,2023-Q4,70.36,0.89,0.81,85.29,0.99,0.91,4.49,medium,0.93
1472,2023-Q4,99.1,0.93,0.99,96.69,1.0,0.79,4.74,low,0.62
1473,2023-Q4,71.29,0.97,0.98,94.15,0.92,0.72,4.47,medium,0.89
1474,2023-Q4,96.73,0.85,0.93,95.49,0.94,0.91,4.95,low,0.8
1475,2023-Q4,85.83,0.83,0.88,97.57,0.97,0.7,4.57,medium,0.99
1476,2023-Q4,99.79,0.92,0.97,97.04,0.95,0.82,4.89,medium,0.69
1477,2023-Q4,72.21,0.95,0.78,99.41,0.94,0.8,4.28,high,0.84
1478,2023-Q4,86.62,0.94,0.95,93.04,0.94,0.91,3.68,low,0.53
1479,2023-Q4,99.08,0.95,0.78,92.33,0.96,0.93,4.29,high,0.7
1480,2023-Q4,85.69,0.86,0.95,91.03,0.96,0.79,3.69,high,0.98
1481,2023-Q4,88.88,0.95,0.82,87.31,0.92,0.94,4.39,medium,0.77
1482,2023-Q4,90.87,0.78,0.97,93.59,0.95,0.79,4.22,low,0.64
1483,2023-Q4,83.64,0.89,0.99,89.16,0.96,0.83,4.43,medium,0.56
1484,2023-Q4,88.83,0.75,0.79,98.82,0.96,0.92,3.52,medium,0.85
1485,2023-Q4,87.53,0.83,0.87,93.75,0.92,0.91,3.79,medium,0.82
1486,2023-Q4,97.03,0.84,1.0,93.89,0.97,1.0,4.24,low,0.69
1487,2023-Q4,71.36,0.85,0.87,90.32,0.9,0.77,4.93,low,0.98
1488,2023-Q4,78.43,0.92,0.97,85.78,0.94,0.9,4.08,medium,0.51
1489,2023-Q4,98.51,0.85,0.9,85.48,0.98,0.88,4.14,low,0.65
1490,2023-Q4,96.71,0.86,0.84,91.35,0.96,0.97,4.57,medium,0.96
1491,2023-Q4,83.67,0.81,0.82,86.27,0.93,0.75,4.41,low,0.66
1492,2023-Q4,88.6,0.84,0.8,94.1,0.97,0.93,3.95,low,0.63
1493,2023-Q4,78.32,0.81,0.94,98.21,0.96,0.87,4.12,high,0.77
1494,2023-Q4,75.64,0.77,0.85,98.24,0.98,0.78,3.83,medium,0.91
1495,2023-Q4,83.91,0.9,0.88,94.89,0.97,0.84,4.95,high,0.55
1496,2023-Q4,80.6,0.92,0.87,88.17,0.96,0.8,3.7,high,0.97
1497,2023-Q4,87.51,0.9,0.89,97.94,0.95,0.87,4.06,medium,0.9
1498,2023-Q4,72.33,0.87,0.97,98.29,0.91,0.97,3.54,medium,0.59
1499,2023-Q4,99.23,0.84,1.0,87.95,0.93,0.87,3.83,low,0.86
1500,2023-Q4,99.59,0.97,0.85,96.06,0.94,0.89,4.67,medium,0.69
1501,2023-Q4,90.94,0.88,0.96,89.3,0.96,0.86,3.8,high,0.7
1502,2023-Q4,86.08,0.87,0.94,97.04,0.95,0.72,3.62,high,0.89
1503,2023-Q4,79.29,0.76,0.89,99.96,0.93,0.77,4.21,medium,0.98
1504,2023-Q4,94.41,0.84,0.99,85.45,0.9,0.85,3.51,high,0.56
1505,2023-Q4,90.54,0.85,0.8,98.46,0.95,0.79,3.63,low,0.71
1506,2023-Q4,74.88,0.85,0.78,94.34,0.93,0.75,4.71,high,0.74
1507,2023-Q4,97.33,0.9,0.96,99.6,0.97,0.85,4.66,low,0.69
1508,2023-Q4,94.68,0.88,0.86,91.98,0.9,0.8,4.87,high,0.68
1509,2023-Q4,98.49,0.9,0.96,97.71,0.96,0.78,4.78,low,0.53
1510,2023-Q4,91.77,0.94,0.97,85.94,0.99,0.84,4.52,low,0.84
1511,2023-Q4,88.4,0.95,0.77,90.03,0.92,0.74,3.58,medium,0.72
1512,2023-Q4,82.55,0.93,0.97,86.01,0.95,0.98,4.67,low,0.6
1513,2023-Q4,97.98,0.99,0.86,99.63,0.91,0.96,4.77,medium,0.91
1514,2023-Q4,95.98,0.75,0.88,97.25,0.96,0.91,4.7,high,0.9
1515,2023-Q4,71.36,0.8,0.91,97.79,0.96,0.73,4.26,high,0.74
1516,2023-Q4,70.79,0.75,0.98,99.07,0.94,0.93,3.85,high,0.65
1517,2023-Q4,81.29,0.91,0.75,86.28,0.95,0.94,4.77,low,0.82
1518,2023-Q4,94.32,0.97,0.87,90.78,0.99,0.93,4.59,high,0.64
1519,2023-Q4,99.62,0.81,0.92,86.07,0.92,0.73,4.97,high,0.62
1520,2023-Q4,74.51,0.98,0.93,88.16,0.9,0.89,3.73,medium,0.87
1521,2023-Q4,87.82,0.77,0.92,88.44,0.99,0.95,3.84,medium,0.52
1522,2023-Q4,81.43,0.98,0.78,92.04,0.96,0.87,3.82,high,0.55
1523,2023-Q4,99.1,0.84,0.82,89.03,0.99,0.89,4.69,high,0.5
1524,2023-Q4,95.26,0.78,0.84,86.51,0.96,0.84,3.78,low,0.58
1525,2023-Q4,95.15,0.87,0.95,87.51,0.98,0.86,3.6,low,0.53
1526,2023-Q4,84.06,0.81,0.82,87.21,0.94,0.71,5.0,high,1.0
1527,2023-Q4,82.44,0.82,0.8,99.6,0.97,0.89,3.54,medium,0.64
1528,2023-Q4,78.2,0.83,0.99,96.39,0.99,0.72,4.75,high,0.57
1529,2023-Q4,71.69,0.95,0.75,99.52,0.96,0.83,4.05,low,0.62
1530,2023-Q4,95.94,0.88,1.0,91.6,0.92,0.79,4.76,medium,0.97
1531,2023-Q4,94.39,0.83,0.92,89.18,0.93,0.86,4.33,medium,0.76
1532,2023-Q4,99.99,0.9,0.96,96.97,0.92,0.74,4.85,low,0.68
1533,2023-Q4,99.9,0.93,0.82,89.89,0.92,0.91,4.89,high,0.94
1534,2023-Q4,86.66,0.82,0.75,89.49,0.93,0.94,3.51,high,0.7
1535,2023-Q4,93.07,0.85,0.93,88.49,0.96,0.75,3.61,high,0.67
1536,2023-Q4,98.34,0.78,0.96,86.95,0.96,0.73,3.88,low,0.6
1537,2023-Q4,95.49,0.8,0.94,88.85,0.94,0.74,4.5,medium,0.69
1538,2023-Q4,77.42,0.92,0.79,90.33,0.96,0.96,4.83,low,0.66
1539,2023-Q4,83.52,0.8,0.94,95.11,0.91,0.86,4.19,high,0.84
1540,2023-Q4,73.87,0.88,0.94,85.94,0.91,0.84,4.41,low,0.64
1541,2023-Q4,98.62,0.93,0.91,88.16,0.92,0.73,3.78,medium,0.79
1542,2023-Q4,88.19,0.78,0.94,97.14,0.95,0.89,4.71,low,0.53
1543,2023-Q4,76.86,0.89,0.96,87.2,0.92,0.96,4.95,high,0.6
1544,2023-Q4,90.15,0.81,0.9,90.14,0.93,0.95,3.9,medium,0.7
1545,2023-Q4,88.54,0.99,0.77,97.97,0.94,0.89,4.24,low,0.97
1546,2023-Q4,80.74,0.87,0.87,87.32,0.98,0.72,3.63,low,0.69
1547,2023-Q4,73.41,0.95,0.77,86.24,0.9,0.73,4.34,medium,0.83
1548,2023-Q4,90.15,0.89,0.85,92.27,0.96,0.71,4.25,medium,0.63
1549,2023-Q4,85.61,0.76,0.85,89.54,0.97,0.78,3.72,high,0.56
1550,2023-Q4,93.17,0.91,0.77,93.45,0.98,0.74,4.16,medium,0.53
1551,2023-Q4,85.6,0.99,0.84,97.06,0.99,0.78,4.0,high,0.65
1552,2023-Q4,95.57,0.9,0.78,87.06,0.9,0.82,4.28,low,0.58
1553,2023-Q4,86.56,0.95,0.95,93.71,0.92,0.98,4.38,high,0.59
1554,2023-Q4,86.83,0.97,0.99,92.58,0.99,0.88,3.51,low,0.88
1555,2023-Q4,96.3,0.81,0.77,87.16,0.95,0.95,4.64,medium,0.51
1556,2023-Q4,82.1,0.8,0.99,94.36,0.96,0.91,4.57,low,0.78
1557,2023-Q4,74.02,0.9,0.88,89.1,0.97,0.73,4.05,medium,0.69
1558,2023-Q4,70.86,0.85,0.82,92.32,0.97,0.92,3.58,low,0.75
1559,2023-Q4,92.65,0.96,0.77,86.23,0.99,0.78,4.63,low,0.78
1560,2023-Q4,88.61,0.98,0.88,91.89,1.0,0.89,4.93,low,0.66
1561,2023-Q4,91.12,0.84,0.95,89.6,0.97,0.8,3.86,low,0.65
1562,2023-Q4,76.39,0.81,0.93,97.34,0.93,1.0,3.99,high,0.87
1563,2023-Q4,74.09,0.95,0.76,85.85,0.99,0.78,3.78,low,0.94
1564,2023-Q4,70.44,0.82,0.77,91.28,0.9,0.78,4.37,high,0.6
1565,2023-Q4,80.52,0.96,0.85,91.88,0.92,0.98,3.73,medium,0.55
1566,2023-Q4,87.7,0.86,0.82,95.88,0.99,0.71,4.03,medium,0.95
1567,2023-Q4,81.77,0.92,0.81,93.61,0.93,0.91,4.55,high,0.67
1568,2023-Q4,83.12,0.77,0.82,95.01,0.92,0.92,4.34,medium,0.78
1569,2023-Q4,97.12,0.91,0.95,96.66,0.91,0.95,4.08,medium,0.68
1570,2023-Q4,80.45,0.86,0.98,97.93,0.99,0.99,4.13,low,0.56
1571,2023-Q4,85.42,0.9,0.85,89.71,0.95,0.99,4.34,low,0.79
1572,2023-Q4,93.51,0.79,0.98,93.07,0.97,0.72,3.51,low,0.76
1573,2023-Q4,81.9,0.93,0.83,97.6,0.92,0.95,3.62,high,0.6
1574,2023-Q4,88.66,0.97,0.87,99.84,0.98,0.89,4.82,high,0.73
1575,2023-Q4,95.87,0.8,0.81,98.34,0.98,0.89,3.62,medium,0.9
1576,2023-Q4,98.49,0.77,0.91,90.57,0.93,0.74,4.56,low,0.8
1577,2023-Q4,74.41,0.76,0.99,87.93,0.94,0.9,4.88,high,0.55
1578,2023-Q4,97.8,0.91,0.9,92.34,0.92,0.99,3.91,high,0.77
1579,2023-Q4,84.76,0.9,0.84,96.12,1.0,0.97,4.06,low,0.85
1580,2023-Q4,77.75,0.89,0.91,92.39,0.96,0.83,4.35,high,0.9
1581,2023-Q4,83.77,0.81,0.78,92.25,0.99,0.71,4.82,low,0.81
1582,2023-Q4,99.4,0.85,0.97,97.57,0.93,0.81,4.91,medium,0.58
1583,2023-Q4,84.78,0.9,0.88,90.42,0.98,0.95,4.61,medium,0.86
1584,2023-Q4,79.86,0.87,0.86,97.9,0.98,0.91,3.63,medium,0.84
1585,2023-Q4,89.0,1.0,0.9,91.1,0.97,0.84,4.5,low,0.51
1586,2023-Q4,77.2,0.78,0.91,89.92,1.0,0.72,4.12,high,0.71
1587,2023-Q4,72.28,0.92,0.77,91.81,0.94,0.83,4.21,medium,0.67
1588,2023-Q4,73.87,0.85,0.92,96.44,0.91,0.84,3.57,medium,0.83
1589,2023-Q4,73.84,0.86,0.81,86.89,0.97,0.98,3.79,medium,0.61
1590,2023-Q4,74.56,0.93,0.93,87.95,0.97,0.89,4.69,high,0.8
1591,2023-Q4,74.16,0.92,0.96,99.27,0.96,0.79,4.18,high,0.96
1592,2023-Q4,89.23,1.0,0.95,87.63,0.92,0.86,3.95,low,0.9
1593,2023-Q4,75.46,0.78,0.89,93.52,0.95,0.72,4.08,medium,0.96
1594,2023-Q4,80.37,0.78,0.88,93.69,0.93,0.99,4.78,high,0.99
1595,2023-Q4,96.9,0.93,0.79,92.34,0.94,0.81,4.62,low,0.51
1596,2023-Q4,84.22,0.89,0.94,94.67,0.96,0.84,3.91,medium,0.81
1597,2023-Q4,90.03,0.82,0.82,88.45,0.97,0.81,3.68,high,0.71
1598,2023-Q4,75.17,0.77,0.87,93.29,0.92,0.9,3.88,high,0.93
1599,2023-Q4,75.77,0.77,0.82,90.58,0.94,0.9,4.88,low,0.63
1600,2023-Q4,71.23,0.97,0.78,94.93,0.93,0.91,4.37,medium,0.99
1601,2023-Q4,75.07,0.8,0.91,87.12,0.92,0.78,4.3,medium,0.81
1602,2023-Q4,78.36,0.83,0.76,93.56,0.98,0.79,4.39,high,0.9
1603,2023-Q4,75.31,0.81,0.94,87.78,0.99,0.74,4.05,medium,0.54
1604,2023-Q4,72.66,0.84,0.83,89.18,0.94,0.9,4.71,low,0.59
1605,2023-Q4,73.62,0.77,0.75,88.28,0.98,0.71,4.28,high,0.88
1606,2023-Q4,83.82,0.88,0.88,87.74,0.99,0.88,3.68,high,0.51
1607,2023-Q4,76.19,0.77,0.76,97.39,0.98,0.96,3.69,low,0.91
1608,2023-Q4,80.93,0.95,0.82,89.29,0.92,0.97,4.31,high,0.51
1609,2023-Q4,85.1,0.81,0.93,98.91,1.0,0.83,4.9,medium,0.83
1610,2023-Q4,90.71,0.89,0.77,99.55,0.94,0.84,3.96,medium,0.68
1611,2023-Q4,71.18,0.97,0.96,93.57,0.93,0.72,4.8,high,0.81
1612,2023-Q4,93.98,0.91,0.75,87.15,0.91,0.9,4.65,low,0.85
1613,2023-Q4,88.84,0.88,0.81,90.62,0.95,0.95,3.87,low,0.67
1614,2023-Q4,72.45,0.83,0.94,96.97,0.91,0.77,3.55,medium,0.55
1615,2023-Q4,96.21,0.83,0.83,90.51,0.92,0.83,3.65,low,0.53
1616,2023-Q4,97.63,0.92,0.78,86.31,0.93,0.95,4.59,high,0.79
1617,2023-Q4,71.83,1.0,0.84,93.35,0.98,0.96,3.8,high,0.76
1618,2023-Q4,78.31,0.92,0.82,97.68,0.99,0.77,4.06,medium,0.87
1619,2023-Q4,94.19,0.89,0.96,96.94,0.93,0.87,4.25,medium,0.75
1620,2023-Q4,92.45,0.93,0.83,87.63,0.99,0.76,4.59,medium,0.71
1621,2023-Q4,75.54,0.87,0.95,95.09,0.99,0.73,3.67,low,0.7
1622,2023-Q4,76.28,0.77,0.97,88.31,0.98,0.97,4.11,high,0.51
1623,2023-Q4,81.11,0.89,0.86,88.27,0.91,0.95,4.23,high,0.67
1624,2023-Q4,84.54,0.99,0.98,98.11,0.97,0.93,4.31,high,0.99
1625,2023-Q4,88.55,0.79,0.84,88.75,0.99,0.71,4.73,medium,0.94
1626,2023-Q4,81.07,0.92,0.99,88.95,0.97,0.95,3.76,high,0.66
1627,2023-Q4,83.88,0.8,0.77,85.01,0.93,0.83,4.71,low,0.79
1628,2023-Q4,92.42,0.88,0.92,98.06,0.95,0.8,4.54,low,0.92
1629,2023-Q4,71.1,0.77,0.87,96.89,0.96,0.86,4.33,high,0.72
1630,2023-Q4,77.57,0.86,0.85,94.41,0.95,0.73,4.55,medium,0.51
1631,2023-Q4,91.4,0.94,0.91,96.25,0.91,0.93,4.12,high,0.54
1632,2023-Q4,96.86,0.84,0.93,87.28,0.93,0.87,3.71,low,0.76
1633,2023-Q4,85.35,0.92,0.75,91.87,0.98,0.76,4.5,low,0.98
1634,2023-Q4,85.96,0.95,0.79,90.27,0.99,0.76,4.29,low,0.85
1635,2023-Q4,73.22,0.98,0.93,86.41,0.91,0.76,4.46,high,0.54
1636,2023-Q4,83.42,0.81,0.92,92.29,1.0,0.72,4.01,low,0.59
1637,2023-Q4,85.98,0.85,0.99,98.81,0.93,0.88,4.86,medium,0.89
1638,2023-Q4,77.27,0.79,0.94,85.6,0.97,0.95,4.38,high,0.92
1639,2023-Q4,78.08,1.0,0.99,89.37,0.98,0.71,3.63,high,0.81
1640,2023-Q4,81.32,0.98,0.93,88.11,0.98,0.71,4.17,low,0.82
1641,2023-Q4,70.6,0.88,0.82,88.57,0.99,0.87,4.63,low,0.51
1642,2023-Q4,79.66,0.96,0.78,98.63,0.93,0.95,4.69,medium,0.91
1643,2023-Q4,76.34,0.88,0.95,92.02,0.99,0.8,4.24,high,0.89
1644,2023-Q4,79.82,0.91,0.91,91.99,0.91,0.8,4.84,low,0.63
1645,2023-Q4,73.59,0.77,0.76,96.41,0.97,0.88,3.9,medium,0.85
1646,2023-Q4,96.72,0.94,0.84,87.32,0.97,0.78,4.12,low,0.61
1647,2023-Q4,87.81,0.78,0.99,92.31,0.97,0.71,4.85,high,0.52
1648,2023-Q4,90.37,0.96,0.88,91.45,0.93,0.92,4.84,low,0.6
1649,2023-Q4,93.68,0.95,0.86,93.95,0.99,0.89,4.53,high,0.59
1650,2023-Q4,84.95,0.93,0.86,99.99,0.92,0.87,4.79,low,0.67
1651,2023-Q4,72.61,0.76,0.8,96.54,0.91,0.92,3.63,high,0.71
1652,2023-Q4,86.11,0.83,0.84,90.97,0.97,0.9,4.8,medium,0.75
1653,2023-Q4,87.61,0.82,0.84,97.41,0.95,0.76,3.98,high,0.74
1654,2023-Q4,92.36,0.84,0.76,87.56,0.98,0.81,3.77,medium,0.64
1655,2023-Q4,82.95,0.77,0.94,85.46,0.94,0.74,3.86,high,0.51
1656,2023-Q4,73.83,0.98,0.85,88.07,0.92,0.74,4.13,medium,0.8
1657,2023-Q4,78.51,0.89,0.96,90.11,0.98,0.9,3.88,low,0.7
1658,2023-Q4,80.89,0.83,0.96,92.66,0.95,0.96,3.98,high,0.65
1659,2023-Q4,89.38,0.85,0.8,94.23,0.92,0.99,3.7,low,0.93
1660,2023-Q4,87.12,0.86,0.91,98.66,0.97,0.89,3.94,medium,0.87
1661,2023-Q4,80.68,0.9,0.87,92.65,0.95,0.76,4.36,high,0.93
1662,2023-Q4,99.6,0.88,0.97,92.52,0.96,0.73,4.16,high,0.75
1663,2023-Q4,88.17,0.98,0.8,85.75,0.95,0.94,4.02,low,0.57
1664,2023-Q4,77.12,0.87,0.92,85.52,0.98,0.87,4.62,high,0.85
1665,2023-Q4,73.05,1.0,0.9,93.27,0.98,0.89,4.84,high,0.6
1666,2023-Q4,74.59,0.96,0.82,91.57,0.97,0.93,4.64,low,0.72
1667,2023-Q4,77.38,0.8,0.78,97.59,0.91,0.91,4.0,high,0.53
1668,2023-Q4,74.82,0.98,0.91,87.41,0.98,0.95,4.62,low,0.91
1669,2023-Q4,75.6,0.78,0.93,85.37,0.97,0.72,3.73,low,0.56
1670,2023-Q4,78.55,0.95,0.83,91.74,0.97,0.92,3.7,low,0.95
1671,2023-Q4,75.2,0.85,0.91,88.56,0.94,0.96,4.02,low,0.93
1672,2023-Q4,96.9,0.97,0.85,85.74,0.99,0.79,4.71,low,0.73
1673,2023-Q4,72.41,0.97,0.93,95.87,0.97,0.89,3.87,medium,0.87
1674,2023-Q4,85.74,0.95,0.8,86.67,0.91,0.79,3.59,medium,0.81
1675,2023-Q4,82.31,0.95,0.97,94.12,0.94,0.99,3.7,low,0.9
1676,2023-Q4,99.47,0.83,0.82,89.22,0.99,0.71,4.79,medium,0.72
1677,2023-Q4,73.36,0.77,0.84,87.6,0.9,0.87,4.45,medium,0.89
1678,2023-Q4,81.94,0.85,0.76,90.7,1.0,0.75,3.88,high,0.73
1679,2023-Q4,99.08,0.79,0.78,97.02,0.97,0.91,4.33,low,0.97
1680,2023-Q4,95.97,0.92,0.88,90.88,0.96,0.75,4.29,medium,0.74
1681,2023-Q4,94.51,0.84,0.82,96.26,0.93,0.77,4.48,high,0.73
1682,2023-Q4,77.74,0.99,0.96,86.88,0.92,0.85,3.85,high,0.89
1683,2023-Q4,75.13,0.91,0.75,96.59,0.99,0.97,4.8,low,0.91
1684,2023-Q4,90.06,0.96,0.84,88.55,0.93,0.76,3.96,low,0.78
1685,2023-Q4,97.88,0.78,0.83,95.16,0.98,0.74,4.54,high,0.59
1686,2023-Q4,86.7,0.97,0.75,93.49,0.94,0.93,3.52,low,0.73
1687,2023-Q4,87.15,0.98,0.78,98.94,0.91,0.85,4.06,low,0.98
1688,2023-Q4,78.4,0.87,0.85,90.81,0.9,0.97,4.03,high,0.88
1689,2023-Q4,93.08,0.9,0.87,85.99,0.95,0.74,4.32,high,0.91
1690,2023-Q4,75.61,0.94,0.85,85.29,1.0,0.89,3.61,low,0.52
1691,2023-Q4,79.71,0.79,0.88,97.4,0.94,0.77,4.69,medium,0.73
1692,2023-Q4,82.76,0.88,0.9,92.87,0.94,0.75,3.83,low,0.82
1693,2023-Q4,85.23,0.85,0.75,96.63,0.93,0.91,4.52,medium,0.92
1694,2023-Q4,77.27,0.79,0.87,88.52,0.95,0.88,4.7,high,0.52
1695,2023-Q4,73.45,0.84,0.99,90.18,0.94,0.93,4.34,medium,0.93
1696,2023-Q4,88.32,0.77,0.88,85.45,0.99,0.79,4.61,high,0.77
1697,2023-Q4,78.66,0.76,0.92,99.42,0.95,0.83,4.49,low,0.6
1698,2023-Q4,87.44,0.78,0.83,95.02,0.95,0.82,4.03,low,0.66
1699,2023-Q4,74.63,0.99,0.94,99.0,0.91,1.0,4.71,high,0.64
1700,2023-Q4,84.43,0.89,0.94,88.98,1.0,0.79,3.94,high,0.77
1701,2023-Q4,85.98,0.99,0.88,94.17,0.92,0.79,4.36,high,0.53
1702,2023-Q4,71.55,0.86,0.99,95.18,0.91,0.81,4.62,low,0.58
1703,2023-Q4,80.1,0.83,0.78,89.76,0.97,0.87,4.07,low,0.91
1704,2023-Q4,74.03,0.88,0.75,97.72,0.96,0.78,3.95,medium,0.57
1705,2023-Q4,71.9,0.86,0.94,99.21,0.94,0.97,4.19,high,0.62
1706,2023-Q4,99.7,0.78,0.95,98.27,0.94,0.78,4.73,medium,0.73
1707,2023-Q4,79.67,0.91,0.78,96.09,0.98,0.97,4.89,low,0.76
1708,2023-Q4,94.3,0.8,0.82,89.16,0.92,0.73,4.32,medium,0.88
1709,2023-Q4,77.64,0.9,0.75,89.22,0.98,0.9,4.49,medium,0.72
1710,2023-Q4,90.45,0.91,0.82,99.45,0.96,0.97,4.85,low,0.89
1711,2023-Q4,92.81,0.79,0.94,85.15,0.94,0.75,3.65,low,0.81
1712,2023-Q4,87.87,0.77,0.88,95.74,0.95,0.99,3.85,high,0.56
1713,2023-Q4,84.15,0.95,0.84,95.59,0.93,0.84,4.56,medium,0.58
1714,2023-Q4,82.36,0.86,0.84,94.34,0.98,0.98,4.74,low,0.72
1715,2023-Q4,80.47,0.76,0.75,99.85,0.95,0.9,4.79,low,0.7
1716,2023-Q4,97.89,1.0,0.82,89.68,0.93,0.79,4.12,medium,0.87
1717,2023-Q4,94.92,0.76,0.91,90.1,0.96,0.76,3.63,low,0.79
1718,2023-Q4,98.95,0.92,0.99,86.18,1.0,0.79,4.16,high,0.69
1719,2023-Q4,73.73,1.0,0.96,91.64,0.94,0.73,3.85,high,0.59
1720,2023-Q4,91.93,0.81,0.76,88.92,0.99,0.74,3.94,medium,0.61
1721,2023-Q4,98.15,0.79,0.97,90.15,0.93,0.73,4.66,high,0.79
1722,2023-Q4,75.44,0.78,0.95,97.52,0.91,0.83,3.61,low,0.71
1723,2023-Q4,71.99,0.83,0.95,99.03,0.92,0.94,4.74,low,0.76
1724,2023-Q4,92.23,0.78,0.86,87.79,0.94,0.74,4.14,low,0.59
1725,2023-Q4,87.23,0.92,0.85,90.59,0.92,0.74,4.39,low,0.83
1726,2023-Q4,95.25,0.77,0.83,98.93,0.9,0.89,3.63,medium,0.93
1727,2023-Q4,74.19,0.88,0.77,85.93,0.99,0.76,4.01,high,0.63
1728,2023-Q4,93.86,1.0,0.81,86.39,0.98,0.73,3.63,high,0.75
1729,2023-Q4,76.05,0.95,0.81,87.44,0.97,0.75,4.94,low,0.99
1730,2023-Q4,74.91,0.9,0.87,93.93,0.92,0.98,4.71,medium,0.67
1731,2023-Q4,74.93,0.83,0.94,87.26,0.91,0.95,4.19,low,0.8
1732,2023-Q4,94.44,0.91,0.87,99.52,0.91,0.81,3.84,low,0.55
1733,2023-Q4,89.96,0.88,0.76,91.7,0.97,0.9,4.9,medium,0.8
1734,2023-Q4,85.69,0.86,0.99,92.52,0.99,0.86,4.02,medium,0.54
1735,2023-Q4,80.76,0.78,0.99,88.7,0.94,0.9,3.74,low,0.98
1736,2023-Q4,96.32,0.97,0.95,92.06,0.91,0.9,4.34,high,0.86
1737,2023-Q4,81.77,0.86,1.0,94.93,0.95,0.89,4.92,low,0.89
1738,2023-Q4,94.5,0.8,0.89,96.27,0.93,0.78,3.51,high,0.85
1739,2023-Q4,83.17,0.84,0.99,96.31,0.94,0.71,3.86,high,0.79
1740,2023-Q4,81.31,0.85,0.77,93.67,0.96,0.84,4.91,medium,0.72
1741,2023-Q4,83.88,0.96,0.84,98.57,0.97,0.97,3.76,medium,0.93
1742,2023-Q4,79.04,0.93,0.81,97.26,0.91,0.87,3.67,low,0.98
1743,2023-Q4,92.43,0.94,0.8,96.36,0.9,0.95,4.36,high,0.75
1744,2023-Q4,85.08,0.75,0.79,85.83,1.0,1.0,4.79,high,0.97
1745,2023-Q4,76.97,0.85,0.91,85.1,0.92,0.75,4.22,low,0.79
1746,2023-Q4,96.99,0.87,0.95,88.19,0.91,0.91,4.99,low,0.77
1747,2023-Q4,81.52,0.75,0.89,94.95,0.92,0.9,4.52,low,0.73
1748,2023-Q4,86.31,0.81,0.79,91.17,0.9,0.99,3.61,medium,0.6
1749,2023-Q4,97.19,0.94,0.95,91.04,0.94,1.0,4.99,low,0.5
1750,2023-Q4,88.73,0.78,0.91,98.27,0.98,0.91,4.11,low,0.62
1751,2023-Q4,73.51,0.88,0.85,98.43,0.93,0.77,3.93,high,0.75
1752,2023-Q4,98.19,0.8,0.92,98.64,0.94,0.94,4.34,low,0.69
1753,2023-Q4,88.83,0.75,0.81,89.71,0.97,0.73,3.96,high,0.72
1754,2023-Q4,80.05,0.81,0.84,95.37,0.95,0.93,3.63,high,0.99
1755,2023-Q4,74.18,0.99,0.98,89.07,0.99,0.97,3.5,medium,0.68
1756,2023-Q4,93.82,0.95,0.82,87.86,0.99,0.81,4.17,low,0.73
1757,2023-Q4,88.6,0.99,0.87,87.77,0.9,0.89,4.76,low,0.57
1758,2023-Q4,86.0,0.87,0.97,90.13,0.98,0.83,4.36,high,0.52
1759,2023-Q4,96.82,0.78,0.93,91.45,0.95,0.83,5.0,medium,0.89
1760,2023-Q4,93.66,0.89,0.77,97.46,1.0,0.79,3.93,medium,0.79
1761,2023-Q4,74.55,0.86,0.79,86.8,0.95,0.93,3.92,low,0.88
1762,2023-Q4,79.35,0.96,0.75,96.02,1.0,0.98,3.74,high,0.57
1763,2023-Q4,77.45,0.77,0.91,92.97,0.98,0.98,3.75,low,0.79
1764,2023-Q4,92.32,0.87,0.86,89.32,0.92,0.75,3.93,low,0.63
1765,2023-Q4,71.01,0.79,0.78,92.39,0.95,0.96,4.69,low,0.61
1766,2023-Q4,87.1,0.83,0.99,89.5,1.0,0.92,4.86,low,0.51
1767,2023-Q4,92.87,0.93,0.88,93.94,0.99,0.78,4.96,high,0.57
1768,2023-Q4,96.3,0.87,0.81,91.51,0.91,0.72,3.85,medium,0.65
1769,2023-Q4,80.26,0.84,0.88,87.47,0.97,0.78,4.82,low,0.56
1770,2023-Q4,94.64,0.85,0.92,86.75,0.93,0.97,3.99,low,0.99
1771,2023-Q4,73.32,0.86,0.77,93.2,0.9,0.89,3.67,low,0.65
1772,2023-Q4,95.39,0.95,0.82,98.54,0.94,0.92,4.81,low,0.57
1773,2023-Q4,73.82,0.97,0.95,90.16,0.92,0.78,4.45,medium,0.6
1774,2023-Q4,81.92,0.99,0.86,96.0,0.98,0.92,3.75,medium,0.79
1775,2023-Q4,93.92,0.95,0.89,94.88,0.93,0.71,4.14,medium,0.53
1776,2023-Q4,74.5,0.83,0.86,98.97,0.98,0.81,3.93,medium,0.93
1777,2023-Q4,76.88,0.92,0.76,97.31,0.9,0.89,4.61,low,0.98
1778,2023-Q4,91.67,0.86,0.79,93.5,0.93,0.74,4.18,high,0.62
1779,2023-Q4,91.6,0.81,0.86,94.86,0.92,0.95,4.98,medium,0.73
1780,2023-Q4,89.23,0.96,0.8,98.48,0.92,0.77,3.58,medium,0.51
1781,2023-Q4,90.82,0.76,0.76,90.99,0.91,0.9,4.03,low,0.82
1782,2023-Q4,86.28,0.98,0.96,89.9,0.92,0.82,4.22,low,0.71
1783,2023-Q4,77.55,0.87,1.0,85.16,0.96,0.88,4.25,low,0.64
1784,2023-Q4,80.37,0.91,0.95,97.4,0.93,0.73,3.97,low,0.6
1785,2023-Q4,75.45,0.91,0.96,97.01,0.94,0.71,4.59,high,0.83
1786,2023-Q4,97.25,0.97,0.81,86.57,0.94,0.97,4.81,high,0.71
1787,2023-Q4,87.5,0.91,0.99,93.65,0.99,0.78,4.91,medium,0.59
1788,2023-Q4,82.03,0.9,0.8,91.96,0.99,0.95,4.71,high,0.84
1789,2023-Q4,83.86,0.77,0.99,86.78,0.95,1.0,4.78,medium,0.78
1790,2023-Q4,98.42,0.88,1.0,99.71,0.93,0.76,4.33,medium,0.93
1791,2023-Q4,74.6,0.79,0.93,88.22,0.91,0.78,4.74,high,0.56
1792,2023-Q4,87.59,0.93,1.0,86.01,1.0,0.9,3.96,medium,0.89
1793,2023-Q4,85.18,0.88,0.89,93.92,0.91,0.99,4.1,low,0.84
1794,2023-Q4,88.34,0.92,0.81,96.08,0.93,0.97,3.98,medium,0.56
1795,2023-Q4,70.54,0.76,0.86,85.49,0.93,0.85,4.2,low,0.85
1796,2023-Q4,96.16,0.77,0.9,94.88,0.93,0.94,3.93,high,0.72
1797,2023-Q4,97.96,0.93,0.77,92.98,0.92,0.74,4.94,high,0.97
1798,2023-Q4,86.95,0.77,0.91,86.55,0.98,0.99,3.97,medium,0.57
1799,2023-Q4,90.9,0.77,1.0,87.59,0.91,0.99,3.65,low,0.82
1800,2023-Q4,97.67,0.75,0.8,93.52,0.96,0.75,4.29,medium,0.69
1801,2023-Q4,91.22,0.99,0.95,89.45,0.91,0.79,3.59,high,0.98
1802,2023-Q4,74.58,0.93,0.98,99.07,0.91,0.73,3.67,medium,0.66
1803,2023-Q4,87.29,0.84,0.99,97.28,0.99,0.78,3.83,medium,0.98
1804,2023-Q4,88.2,0.82,0.99,99.75,0.92,0.94,4.2,low,0.95
1805,2023-Q4,82.72,0.84,0.88,88.9,0.98,0.81,4.15,high,0.64
1806,2023-Q4,92.09,0.94,0.99,99.55,0.95,0.73,4.7,medium,0.9
1807,2023-Q4,98.03,0.92,0.94,91.47,0.91,0.8,4.61,low,1.0
1808,2023-Q4,97.77,0.8,0.79,90.21,1.0,0.99,4.14,medium,0.63
1809,2023-Q4,83.53,0.79,0.87,85.76,0.92,0.89,4.0,low,0.72
1810,2023-Q4,73.4,0.77,0.93,85.79,0.99,0.82,3.97,low,0.76
1811,2023-Q4,99.55,0.92,0.81,95.38,0.92,0.75,4.66,medium,0.65
1812,2023-Q4,95.17,0.94,0.91,91.87,0.99,1.0,3.58,high,0.51
1813,2023-Q4,73.74,0.82,0.92,88.4,0.9,0.95,3.52,high,0.61
1814,2023-Q4,97.63,0.76,0.79,94.21,0.95,0.78,4.69,low,0.64
1815,2023-Q4,96.1,0.77,0.89,88.79,0.98,0.72,4.22,high,0.72
1816,2023-Q4,85.57,0.99,0.94,93.66,0.99,0.72,3.7,low,0.59
1817,2023-Q4,87.74,0.82,0.87,90.39,0.99,0.74,3.85,high,0.94
1818,2023-Q4,81.97,0.94,0.75,97.35,0.98,0.87,4.9,medium,0.85
1819,2023-Q4,71.64,0.91,0.75,97.31,0.99,0.98,4.79,high,0.54
1820,2023-Q4,80.06,0.85,0.84,92.16,0.92,0.85,4.56,low,0.83
1821,2023-Q4,94.09,0.8,0.98,90.26,0.93,0.95,4.22,low,0.83
1822,2023-Q4,70.14,0.78,0.81,90.44,0.93,0.83,4.28,high,0.98
1823,2023-Q4,80.0,0.9,0.91,97.09,0.94,0.91,4.96,medium,0.5
1824,2023-Q4,81.95,0.94,0.81,89.92,0.94,0.92,4.95,low,0.62
1825,2023-Q4,86.12,0.91,0.83,88.14,0.95,0.75,3.82,low,0.96
1826,2023-Q4,97.6,0.88,0.96,86.27,0.92,0.81,4.72,low,0.97
1827,2023-Q4,80.39,0.76,0.93,92.0,0.97,0.89,3.8,low,0.86
1828,2023-Q4,80.41,0.99,0.77,92.23,0.92,0.72,3.82,low,0.88
1829,2023-Q4,92.13,0.95,0.86,97.61,0.93,0.81,4.51,medium,0.55
1830,2023-Q4,83.57,0.82,0.76,88.32,0.95,0.86,4.11,high,0.76
1831,2023-Q4,76.74,0.99,0.87,90.71,0.98,1.0,4.9,medium,0.62
1832,2023-Q4,83.57,0.9,0.92,97.13,0.97,0.84,3.63,medium,0.59
1833,2023-Q4,74.23,0.9,0.78,97.35,0.96,0.94,4.27,low,0.91
1834,2023-Q4,75.29,0.94,0.82,90.77,0.92,0.83,4.88,medium,0.57
1835,2023-Q4,84.95,0.95,0.85,91.89,0.95,0.94,4.86,low,0.73
1836,2023-Q4,82.57,0.91,0.98,89.55,0.91,0.88,3.73,medium,0.97
1837,2023-Q4,97.45,0.78,1.0,98.99,0.94,0.97,4.05,low,0.59
1838,2023-Q4,80.87,0.83,0.76,86.78,0.94,0.82,4.43,low,0.99
1839,2023-Q4,87.42,0.98,0.94,99.01,0.9,0.88,3.74,medium,1.0
1840,2023-Q4,88.97,0.81,0.84,95.26,0.93,0.89,4.95,medium,0.78
1841,2023-Q4,70.39,0.84,0.85,92.97,1.0,0.83,4.87,high,0.59
1842,2023-Q4,89.91,0.86,0.94,85.49,1.0,0.74,3.75,high,0.66
1843,2023-Q4,75.34,0.86,0.98,92.13,0.94,0.73,3.68,high,0.71
1844,2023-Q4,98.83,0.9,0.99,91.12,0.9,0.71,3.63,medium,0.65
1845,2023-Q4,74.46,0.99,0.89,87.42,0.92,0.96,4.86,medium,0.64
1846,2023-Q4,82.44,0.81,0.84,94.85,0.94,0.77,3.79,low,0.99
1847,2023-Q4,72.56,0.78,0.95,99.57,0.99,0.76,4.12,high,0.58
1848,2023-Q4,99.91,0.8,0.81,93.43,0.91,0.92,4.17,low,0.87
1849,2023-Q4,85.07,0.97,0.89,95.72,0.98,0.8,4.4,low,0.5
1850,2023-Q4,87.86,0.91,0.84,86.03,0.91,0.85,3.61,low,0.8
1851,2023-Q4,72.01,0.82,0.91,91.27,1.0,0.75,3.84,low,0.96
1852,2023-Q4,92.5,0.95,0.81,86.75,0.94,0.99,4.9,high,0.64
1853,2023-Q4,76.3,0.97,0.8,94.19,0.98,0.96,4.86,low,0.59
1854,2023-Q4,96.94,0.96,0.98,99.08,0.93,0.96,4.67,medium,0.83
1855,2023-Q4,76.15,0.98,0.78,94.93,0.96,0.82,3.53,medium,0.86
1856,2023-Q4,75.72,0.81,0.88,86.15,0.92,0.93,3.99,medium,0.84
1857,2023-Q4,71.1,0.94,0.81,90.32,0.91,0.74,4.44,high,0.66
1858,2023-Q4,84.16,0.87,0.76,93.26,0.99,0.7,3.91,low,0.63
1859,2023-Q4,86.95,0.96,0.76,91.05,0.99,0.71,4.86,high,0.98
1860,2023-Q4,71.97,0.93,0.79,97.5,0.99,0.88,4.45,low,0.96
1861,2023-Q4,93.27,0.94,0.97,97.22,0.96,0.84,3.61,high,0.73
1862,2023-Q4,83.6,0.91,0.82,94.18,0.98,0.86,4.86,high,0.92
1863,2023-Q4,85.73,0.79,0.99,90.6,0.91,0.7,4.94,low,0.73
1864,2023-Q4,83.22,0.89,0.9,88.83,0.93,0.83,3.62,high,0.71
1865,2023-Q4,82.02,1.0,0.86,86.59,0.93,0.92,4.3,low,0.58
1866,2023-Q4,86.79,0.98,0.9,90.32,0.96,0.83,3.96,medium,0.71
1867,2023-Q4,74.66,0.76,0.88,91.2,0.94,0.92,4.09,medium,0.77
1868,2023-Q4,75.46,0.79,0.94,95.14,0.91,0.77,3.77,medium,0.51
1869,2023-Q4,95.85,0.78,0.82,94.87,0.96,0.94,4.37,high,0.72
1870,2023-Q4,98.38,0.93,0.84,86.05,0.98,0.88,4.94,medium,0.89
1871,2023-Q4,81.2,0.95,0.97,90.93,0.94,0.76,4.25,low,0.84
1872,2023-Q4,78.12,0.8,0.99,87.73,0.91,0.77,3.62,medium,0.82
1873,2023-Q4,89.32,0.88,0.97,87.35,0.92,0.89,4.43,medium,0.95
1874,2023-Q4,82.26,0.96,0.85,97.41,0.92,0.95,4.01,high,0.51
1875,2023-Q4,70.76,0.93,0.95,85.63,0.93,0.82,4.78,low,0.78
1876,2023-Q4,74.68,0.89,0.87,91.29,0.96,0.78,4.15,high,0.89
1877,2023-Q4,91.48,0.9,0.87,87.52,0.96,0.96,3.79,high,0.77
1878,2023-Q4,89.77,0.88,0.8,98.19,0.97,0.9,3.79,low,0.66
1879,2023-Q4,70.81,0.82,0.9,93.36,0.94,0.83,4.65,high,0.57
1880,2023-Q4,76.66,0.89,0.8,88.47,0.98,0.85,3.9,low,0.94
1881,2023-Q4,76.93,0.92,0.83,92.54,0.92,0.76,4.65,medium,0.74
1882,2023-Q4,90.16,0.97,0.96,95.97,0.95,0.89,3.81,low,0.94
1883,2023-Q4,70.59,0.91,0.8,99.37,0.98,0.81,3.98,low,0.79
1884,2023-Q4,73.12,0.94,0.77,88.31,0.92,1.0,4.2,low,0.84
1885,2023-Q4,94.0,0.79,0.77,98.29,0.91,0.84,4.91,high,0.9
1886,2023-Q4,75.36,0.87,0.99,99.01,0.99,0.85,4.9,low,0.83
1887,2023-Q4,89.58,0.75,0.88,98.75,0.93,0.87,3.81,low,0.7
1888,2023-Q4,77.15,0.81,0.85,94.53,0.97,0.98,4.04,low,0.76
1889,2023-Q4,72.98,0.93,0.95,94.45,0.9,0.94,3.72,medium,0.9
1890,2023-Q4,77.3,1.0,0.96,91.05,0.97,0.84,4.26,low,0.69
1891,2023-Q4,91.67,0.77,0.83,96.29,0.93,0.92,4.19,high,0.69
1892,2023-Q4,95.67,0.85,0.92,92.97,0.91,0.88,4.85,low,0.55
1893,2023-Q4,94.91,0.95,0.94,95.16,0.96,0.85,4.9,low,0.96
1894,2023-Q4,81.92,0.8,0.91,91.43,0.92,0.76,4.08,medium,0.55
1895,2023-Q4,90.04,0.89,0.79,95.97,0.94,0.84,4.24,low,0.82
1896,2023-Q4,76.15,0.93,0.97,97.37,0.91,0.77,4.84,high,0.71
1897,2023-Q4,78.79,0.9,0.88,87.2,0.91,0.97,4.71,low,0.7
1898,2023-Q4,96.89,0.8,0.82,97.49,0.93,0.8,3.51,high,0.84
1899,2023-Q4,70.39,0.84,0.86,93.1,0.91,0.99,3.98,medium,0.53
1900,2023-Q4,72.57,0.95,0.76,97.67,0.99,0.86,4.13,low,0.8
1901,2023-Q4,76.24,0.89,0.78,91.47,0.9,0.89,3.84,medium,0.89
1902,2023-Q4,70.8,0.75,0.94,90.69,0.95,0.86,3.8,low,0.91
1903,2023-Q4,75.44,0.94,0.75,98.73,0.91,0.74,3.56,high,0.59
1904,2023-Q4,87.49,0.76,0.85,88.77,0.93,0.81,4.47,medium,0.95
1905,2023-Q4,82.64,0.94,0.88,97.66,0.99,0.73,3.89,low,0.83
1906,2023-Q4,96.78,0.8,0.76,92.26,0.92,0.89,3.58,high,0.94
1907,2023-Q4,94.52,0.99,0.99,92.71,1.0,0.83,3.85,medium,0.74
1908,2023-Q4,80.25,0.84,0.81,89.63,0.92,0.93,4.7,low,0.77
1909,2023-Q4,77.78,0.83,0.83,93.6,0.97,0.77,4.78,medium,0.96
1910,2023-Q4,81.39,0.79,0.83,89.88,0.95,0.75,4.22,low,0.95
1911,2023-Q4,87.71,0.83,0.81,85.59,0.99,0.82,4.12,high,0.72
1912,2023-Q4,78.04,0.97,0.75,89.08,0.96,0.98,4.97,high,0.64
1913,2023-Q4,88.72,1.0,0.93,85.1,0.95,0.91,3.8,medium,0.7
1914,2023-Q4,82.28,0.84,0.99,99.68,0.92,0.83,3.82,medium,0.69
1915,2023-Q4,86.56,0.86,0.81,99.49,0.92,0.86,3.94,low,0.64
1916,2023-Q4,83.08,0.93,0.92,90.93,0.99,0.73,3.76,high,0.63
1917,2023-Q4,78.83,0.97,0.94,95.93,0.93,1.0,4.07,low,0.93
1918,2023-Q4,98.45,0.9,0.96,90.19,0.94,0.9,4.87,high,0.53
1919,2023-Q4,92.91,0.85,0.86,95.07,0.98,0.79,4.42,medium,0.84
1920,2023-Q4,74.2,0.85,0.83,97.08,0.93,0.88,4.12,low,0.59
1921,2023-Q4,96.05,0.92,0.83,99.2,1.0,0.73,4.9,low,0.67
1922,2023-Q4,84.62,0.75,0.93,91.0,0.97,0.99,3.57,high,0.53
1923,2023-Q4,96.84,0.9,0.95,96.75,0.96,0.75,3.82,high,0.63
1924,2023-Q4,94.0,0.84,0.8,88.99,0.99,0.89,4.35,high,0.88
1925,2023-Q4,82.76,0.95,0.84,99.85,0.9,0.77,4.42,medium,0.94
1926,2023-Q4,70.67,0.77,0.98,85.39,0.93,0.92,3.56,low,0.61
1927,2023-Q4,78.06,0.9,0.95,94.05,0.95,0.93,4.1,high,0.73
1928,2023-Q4,86.25,0.87,1.0,94.89,0.92,0.9,4.47,medium,0.74
1929,2023-Q4,89.0,0.91,0.94,95.32,0.97,0.88,4.55,high,0.94
1930,2023-Q4,77.74,0.77,0.85,86.81,0.99,0.97,4.46,low,0.88
1931,2023-Q4,74.18,0.89,0.9,99.08,0.94,0.72,3.98,high,0.76
1932,2023-Q4,95.05,0.89,0.92,87.72,0.93,0.8,3.64,low,0.84
1933,2023-Q4,99.53,0.89,0.77,94.34,1.0,0.77,4.14,medium,0.92
1934,2023-Q4,85.77,0.9,0.89,88.34,0.94,1.0,3.69,medium,0.5
1935,2023-Q4,75.15,0.92,0.93,89.61,0.95,0.82,4.92,high,0.7
1936,2023-Q4,78.17,0.95,0.79,93.2,0.94,0.92,4.21,low,0.95
1937,2023-Q4,70.55,0.82,0.95,91.26,0.99,0.91,3.98,low,0.87
1938,2023-Q4,97.43,0.96,0.9,87.4,0.96,0.76,4.65,low,0.77
1939,2023-Q4,73.53,0.87,0.99,87.56,0.98,0.77,4.25,high,0.76
1940,2023-Q4,87.3,0.77,0.76,91.27,0.98,0.78,3.97,low,0.67
1941,2023-Q4,78.22,0.76,0.82,96.36,0.93,0.82,4.72,low,0.76
1942,2023-Q4,86.63,0.83,0.9,98.47,0.94,0.77,4.8,low,0.83
1943,2023-Q4,89.54,0.95,0.82,86.26,0.98,0.71,4.51,low,0.71
1944,2023-Q4,94.89,0.93,0.93,90.9,0.94,0.96,3.57,high,0.86
1945,2023-Q4,76.19,0.95,0.94,86.5,0.98,0.99,4.35,high,0.93
1946,2023-Q4,70.33,0.88,0.78,85.25,0.99,0.8,4.64,low,0.58
1947,2023-Q4,74.11,0.86,0.88,94.93,0.96,0.8,3.7,low,0.73
1948,2023-Q4,97.0,0.79,0.88,94.04,0.97,0.7,3.84,medium,0.7
1949,2023-Q4,96.22,0.83,0.84,87.45,0.98,0.9,4.82,medium,0.84
1950,2023-Q4,87.92,0.86,0.98,88.51,0.98,0.95,3.53,low,0.62
1951,2023-Q4,88.02,0.77,0.96,85.36,0.94,0.74,4.63,low,0.82
1952,2023-Q4,89.95,0.81,0.92,97.52,0.91,0.75,4.21,medium,0.94
1953,2023-Q4,75.26,0.9,0.93,99.62,0.94,0.94,4.17,medium,0.71
1954,2023-Q4,97.43,0.93,0.87,87.03,0.97,0.88,3.51,low,0.96
1955,2023-Q4,82.56,1.0,0.98,88.47,0.95,0.71,4.73,high,1.0
1956,2023-Q4,81.49,0.98,0.92,98.03,0.97,0.89,4.04,high,0.55
1957,2023-Q4,85.57,0.91,0.93,98.9,0.94,0.79,4.31,low,0.62
1958,2023-Q4,71.41,0.86,0.97,91.29,0.96,0.81,4.52,low,0.98
1959,2023-Q4,74.99,0.91,0.82,85.76,0.92,0.93,4.55,medium,0.98
1960,2023-Q4,92.14,0.95,0.95,85.59,0.97,0.94,4.93,medium,0.55
1961,2023-Q4,72.48,0.78,0.8,93.61,0.95,0.82,4.3,high,0.51
1962,2023-Q4,88.09,0.85,0.84,90.89,0.92,0.98,4.1,low,0.58
1963,2023-Q4,77.36,0.96,0.83,85.43,0.93,0.82,4.93,medium,1.0
1964,2023-Q4,81.68,0.85,0.99,93.75,0.97,0.93,4.46,high,0.59
1965,2023-Q4,78.66,0.89,0.96,85.17,0.95,0.85,3.95,high,0.75
1966,2023-Q4,80.67,0.9,0.93,96.81,0.92,0.97,3.69,high,0.92
1967,2023-Q4,91.57,0.8,0.93,89.6,1.0,0.97,4.76,medium,0.51
1968,2023-Q4,78.91,0.84,0.89,85.6,0.97,0.73,4.04,medium,0.8
1969,2023-Q4,86.99,0.83,0.99,93.83,1.0,0.98,4.49,low,0.64
1970,2023-Q4,84.28,0.76,0.87,90.97,0.94,0.95,4.21,low,0.93
1971,2023-Q4,89.91,0.76,0.85,99.61,0.95,0.94,3.8,high,0.64
1972,2023-Q4,98.1,0.96,0.79,93.16,0.99,0.76,4.4,high,0.84
1973,2023-Q4,91.98,0.82,0.95,89.13,0.95,0.94,3.59,medium,0.84
1974,2023-Q4,76.45,0.88,0.93,95.64,0.97,0.96,4.12,medium,0.61
1975,2023-Q4,70.94,0.82,0.85,89.07,0.93,0.79,4.32,low,0.52
1976,2023-Q4,77.87,0.99,0.76,98.56,0.94,0.99,4.15,low,0.7
1977,2023-Q4,87.85,0.81,0.96,90.62,0.91,0.71,4.62,low,0.64
1978,2023-Q4,71.54,0.86,0.75,93.25,0.92,0.74,4.74,medium,0.9
1979,2023-Q4,84.89,0.97,0.93,85.76,0.9,0.86,4.66,high,0.9
1980,2023-Q4,87.91,0.96,0.99,91.39,0.9,0.87,3.56,low,0.73
1981,2023-Q4,80.03,0.8,0.86,97.49,1.0,0.89,3.79,low,0.8
1982,2023-Q4,93.13,0.95,0.81,97.08,0.92,0.71,4.3,medium,0.8
1983,2023-Q4,73.2,0.86,0.93,88.36,0.97,0.99,4.9,low,0.91
1984,2023-Q4,72.25,0.87,0.95,88.39,0.98,0.71,4.75,high,0.71
1985,2023-Q4,91.85,0.78,0.89,97.26,0.96,0.74,4.76,medium,0.64
1986,2023-Q4,84.86,0.77,0.99,98.96,0.92,0.7,3.95,low,0.63
1987,2023-Q4,90.65,0.93,0.76,86.43,0.97,0.87,4.14,low,0.77
1988,2023-Q4,83.04,0.87,0.88,91.75,0.96,0.98,4.21,medium,0.72
1989,2023-Q4,77.39,0.86,0.93,90.06,0.97,0.9,3.74,medium,0.72
1990,2023-Q4,94.57,0.93,0.97,98.06,0.98,0.95,3.55,low,0.55
1991,2023-Q4,93.98,0.94,0.79,86.25,1.0,0.7,4.92,high,0.86
1992,2023-Q4,90.84,0.79,0.95,88.17,0.96,0.86,3.86,medium,0.61
1993,2023-Q4,78.16,0.9,0.89,96.29,0.93,0.84,3.86,high,0.6
1994,2023-Q4,87.71,0.78,0.85,85.77,0.96,0.85,3.63,low,0.71
1995,2023-Q4,80.83,0.94,0.78,92.39,0.91,0.72,4.89,high,0.61
1996,2023-Q4,72.75,0.91,0.97,91.63,0.99,0.91,4.37,low,0.79
1997,2023-Q4,97.52,0.99,0.79,90.02,0.91,0.85,4.5,low,0.69
1998,2023-Q4,74.1,0.77,0.83,90.92,0.93,0.93,4.87,low,0.72
1999,2023-Q4,98.51,0.76,0.82,92.95,0.98,0.85,4.02,low,0.77
2000,2023-Q4,83.38,0.82,0.97,87.42,0.96,0.74,4.43,high,0.6
